internal_name,czech,english,french,spanish
"add","Přidat","Add","Ajouter","Añadir"
"app_settings","Nastavení aplikace","Application settings","Paramètres de l'application","Configuración de la aplicación"
"aspect_biundecile","Biundecil (65°27') - 11. harmonická řada","Biundecile (65°27') - 11th harmonic series","Biundécile (65°27') - 11e série harmonique","Biundecilio (65°27') - 11.ª serie armónica"
"aspect_binovile","Binovil (80°) - 9. harmonická řada","Binovile (80°) - 9th harmonic series","Binovile (80°) - 9e série harmonique","Binovil (80°) - 9.ª serie armónica"
"aspect_biquintile","Bikvintil (144°) - 5. harmonická řada","Biquintile (144°) - 5th harmonic series","Biquintile (144°) - 5e série harmonique","Biquintil (144°) - 5.ª serie armónica"
"aspect_biseptile","Biseptil (102°51') - 7. harmonická řada","Biseptile (102°51') - 7th harmonic series","Biseptile (102°51') - 7e série harmonique","Biseptil (102°51') - 7.ª serie armónica"
"aspect_conjunction","Konjunkce (0°) - 1. harmonická řada","Conjunction (0°) - 1st harmonic series","Conjonction (0°) - 1e série harmonique","Conjunción (0°) - 1.ª serie armónica"
"aspect_decile","Decil (36°) - 10. harmonická řada","Decile (36°) - 10th harmonic series","Décile (36°) - 10e série harmonique","Decil (36°) - 10.ª serie armónica"
"aspect_novile","Novil (40°) - 9. harmonická řada","Novile (40°) - 9th harmonic series","Novile (40°) - 9e série harmonique","Novil (40°) - 9.ª serie armónica"
"aspect_octile","Oktil / Semikvadratura (45°) - 8. harmonická řada","Octile / Semisquare (45°) - 8th harmonic series","Octile / semi-carré (45°) - 8e série harmonique","Octil / semicuadratura (45°) - 8.ª serie armónica"
"aspect_opposition","Opozice (180°) - 2. harmonická řada","Opposition (180°) - 2nd harmonic series","Opposition (180°) - 2e série harmonique","Oposición (180°) - 2.ª serie armónica"
"aspect_quadriundecile","Kvartiundecil (130°55') - 11. harmonická řada","Quadriundecile (130°55') - 11th harmonic series","Quadriundécile (130°55') - 11e série harmonique","Cuatriundecilio (130°55') - 11.ª serie armónica"
"aspect_quadrinovile","Kvartinovil (160°) - 9. harmonická řada","Quadrinovile (160°) - 9th harmonic series","Quadrinovile (160°) - 9e série harmonique","Cuadrinovil (160°) - 9.ª serie armónica"
"aspect_quincunx","Kvinkunx (150°) - 12. harmonická řada","Quincunx (150°) - 12th harmonic series","Quinconce (150°) - 12e série harmonique","Quincuncio (150°) - 12.ª serie armónica"
"aspect_quinundecile","Kvinundecil (163°38') - 11. harmonická řada","Quinundecile (163°38') - 11th harmonic series","Quinundécile (163°38') - 11e série harmonique","Quinundecilio (163°38') - 11.ª serie armónica"
"aspect_quintile","Kvintil (72°) - 5. harmonická řada","Quintile (72°) - 5th harmonic series","Quintile (72°) - 5e série harmonique","Quintil (72°) - 5.ª serie armónica"
"aspect_semisextile","Polosextil (30°) - 12. harmonická řada","Semisextile (30°) - 12th harmonic series","Semi-sextile (30°) - 12e série harmonique","Semisextil (30°) - 12.ª serie armónica"
"aspect_septile","Septil (51°26') - 7. harmonická řada","Septile (51°26') - 7th harmonic series","Septile (51°26') - 7e série harmonique","Séptil (51°26') - 7.ª serie armónica"
"aspect_sextile","Sextil (60°) - 6. harmonická řada","Sextile (60°) - 6th harmonic series","Sextile (60°) - 6e série harmonique","Sextil (60°) - 6.ª serie armónica"
"aspect_square","Kvadratura (90°) - 4. harmonická řada","Square (90°) - 4th harmonic series","Carré (90°) - 4e série harmonique","Cuadratura (90°) - 4.ª serie armónica"
"aspect_tridecile","Tridecil (108°) - 10. harmonická řada","Tridecile (108°) - 10th harmonic series","Tridécile (108°) - 10e série harmonique","Tridecil (108°) - 10.ª serie armónica"
"aspect_triundecile","Triundecil (98°11') - 11. harmonická řada","Triundecile (98°11') - 11th harmonic series","Triundécile (98°11') - 11e série harmonique","Triundecilio (98°11') - 11.ª serie armónica"
"aspect_trine","Trinus / Trigon (120°) - 3. harmonická řada","Trine (120°) - 3rd harmonic series","Trigone (120°) - 3e série harmonique","Trígono (120°) - 3.ª serie armónica"
"aspect_trioctile","Trioktil / Seskvikvadrát (135°) - 8. harmonická řada","Trioctile / Sesquiquadrate (135°) - 8th harmonic series","Trioctile / sesqui-carré (135°) - 8e série harmonique","Trioctil / sesquicuadratura (135°) - 8.ª serie armónica"
"aspect_triseptile","Triseptil (154°17') - 7. harmonická řada","Triseptile (154°17') - 7th harmonic series","Triseptile (154°17') - 7e série harmonique","Triséptil (154°17') - 7.ª serie armónica"
"aspect_undecile","Undecil (32°44') - 11. harmonická řada","Undecile (32°44') - 11th harmonic series","Undécile (32°44') - 11e série harmonique","Undecilio (32°44') - 11.ª serie armónica"
"aspect_timeline_applying","Přibližující se","Applying","Appliquant","Aplicativo"
"aspect_timeline_axis_closeness","Blízkost k přesnému","Closeness to exact","Proximité à l'exactitude","Cercanía a la exactitud"
"aspect_timeline_col_aspect","Aspekt","Aspect","Aspect","Aspecto"
"aspect_timeline_col_date","Datum","Date","Date","Fecha"
"aspect_timeline_col_natal","Nativní","Natal","Natal","Natal"
"aspect_timeline_col_speed","Rychl.","Speed","Vitesse","Velocidad"
"aspect_timeline_col_time","Čas","Time","Heure","Hora"
"aspect_timeline_col_transiting","Tranzituje","Transiting","En transit","En tránsito"
"aspect_timeline_hit_title","Přesný {{pair}}","Exact {{pair}}","Exact {{pair}}","Exacto {{pair}}"
"aspect_timeline_hits_view","Přesné zásahy","Exact hits","Aspects exacts","Aspectos exactos"
"aspect_timeline_mapping_note","Mapování zobrazení: osa y je skutečná úhlová odchylka od přesného zákrytu ve stupních, omezená na okno 6° — 0° při přesném zákrytu, 6° na okraji zobrazeného rozsahu. Širší nastavený orbis se zobrazí až po přiblížení na 6°.","Display mapping: the y-axis is the raw angular deviation from exact, in degrees, capped at a 6° window — 0° at exact alignment, 6° at the edge of what's shown. A wider configured orb only becomes visible once it closes to within 6°.","Mappage d'affichage : l'axe des ordonnées est l'écart angulaire réel par rapport à l'exactitude, en degrés, plafonné à une fenêtre de 6° — 0° à l'alignement exact, 6° au bord de ce qui est affiché. Un orbe configuré plus large ne devient visible qu'une fois réduit à moins de 6°.","Mapeo de visualización: el eje y es la desviación angular real respecto a la exactitud, en grados, limitada a una ventana de 6° — 0° en la alineación exacta, 6° en el borde de lo mostrado. Un orbe configurado más amplio solo se hace visible al acercarse a 6°."
"aspect_timeline_no_hits","V tomto období nejsou pro vybrané páry žádné přesné zásahy.","No exact hits within this period for the selected pairs.","Aucun aspect exact sur cette période pour les paires sélectionnées.","No hay aspectos exactos en este período para los pares seleccionados."
"aspect_timeline_no_pairs","V této sérii nebyl v rámci orbisu zjištěn žádný aspekt.","No aspects were detected within orb across this series.","Aucun aspect détecté dans l'orbe sur cette série.","No se detectaron aspectos dentro de orbe en esta serie."
"aspect_timeline_pairs_label","Zobrazené aspektové páry","Aspect pairs shown","Paires d'aspects affichées","Pares de aspectos mostrados"
"aspect_timeline_retrograde_tag","R","R","R","R"
"aspect_timeline_separating","Vzdalující se","Separating","Séparant","Separativo"
"aspect_timeline_subtitle","Blízkost k přesnému aspektu pro každý tranzitující pár v čase — konjunkce, sextil, kvadratura, trigon a opozice, pohyblivé-k-pohyblivému i pohyblivé-k-nativnímu.","Closeness to exact for each transiting pair over time — conjunction, sextile, square, trine and opposition, moving-to-moving and moving-to-natal.","Proximité à l'exactitude pour chaque paire en transit au fil du temps — conjonction, sextile, carré, trigone et opposition, mobile-mobile et mobile-natal.","Cercanía a la exactitud de cada par en tránsito a lo largo del tiempo — conjunción, sextil, cuadratura, trígono y oposición, móvil-móvil y móvil-natal."
"aspect_tridecile","Tridecil","Tridecile","Tridécile","Tridecil"
"aspect_trine","Trigon","Trine","Trine","Trino"
"aspectarium_absolute_longitude","Absolutní délka","Absolute longitude","Longitude absolue","Longitud absoluta"
"aspectarium_all_aspects","Všechny aspekty","All aspects","Tous les aspects","Todos los aspectos"
"aspectarium_all_planets","Všechny planety","All planets","Toutes les planètes","Todos los planetas"
"aspectarium_angle","Úhel","Angle","Angle","Ángulo"
"aspectarium_applying","Aplikační","Applying","Applicatif","Aplicativo"
"aspectarium_aspect","Aspekt","Aspect","Aspect","Aspecto"
"aspectarium_body_a","Těleso A","Body A","Corps A","Cuerpo A"
"aspectarium_body_b","Těleso B","Body B","Corps B","Cuerpo B"
"aspectarium_clear_all","Zrušit výběr","Clear all","Tout désélectionner","Borrar selección"
"aspectarium_exact_angle","Přesný úhel","Exact angle","Angle exact","Ángulo exacto"
"aspectarium_midpoint_ambiguous","nejednoznačné","ambiguous","ambigu","ambiguo"
"aspectarium_midpoint_ambiguous_hint","Tato tělesa jsou od sebe ~180° — obě polohy jsou stejně platné.","These objects are ~180° apart — both positions are equally valid.","Ces objets sont à ~180° l'un de l'autre — les deux positions sont également valides.","Estos objetos están a ~180° de distancia — ambas posiciones son igualmente válidas."
"aspectarium_midpoint_contact_aspects","Kontaktní aspekty","Contact aspects","Aspects de contact","Aspectos de contacto"
"aspectarium_midpoint_contact_object","Těleso","Object","Objet","Objeto"
"aspectarium_midpoint_contacts_title","Kontakty","Contacts","Contacts","Contactos"
"aspectarium_midpoint_opposite","Protilehlý bod","Opposite","Opposé","Opuesto"
"aspectarium_midpoint_pair","Dvojice","Pair","Paire","Par"
"aspectarium_no_aspects","Pro aktuální výběr nejsou k dispozici žádné vypočtené aspekty.","No computed aspects are available for the current selection.","Aucun aspect calculé n’est disponible pour la sélection actuelle.","No hay aspectos calculados disponibles para la selección actual."
"aspectarium_no_midpoint_contacts","V rámci orbisu nebyly nalezeny žádné kontakty.","No contacts found within orb.","Aucun contact trouvé dans l'orbe.","No se encontraron contactos dentro del orbe."
"aspectarium_no_midpoints","Vyberte alespoň dvě tělesa, abyste viděli jejich středové body.","Select at least two objects to see their midpoints.","Sélectionnez au moins deux objets pour voir leurs points médians.","Seleccione al menos dos objetos para ver sus puntos medios."
"aspectarium_none_selected","Nic nevybráno","None selected","Aucun élément sélectionné","Nada seleccionado"
"aspectarium_orb_custom","Vlastní","Custom","Personnalisé","Personalizado"
"aspectarium_orb_default","Výchozí","Default","Par défaut","Predeterminado"
"aspectarium_orb_normal","Normální","Normal","Normal","Normal"
"aspectarium_orb_tight","Těsný","Tight","Serré","Estrecho"
"aspectarium_orb_wide","Široký","Wide","Large","Amplio"
"aspectarium_position","Poloha","Position","Position","Posición"
"aspectarium_reported_aspects","Vypočtené vztahy pro vybraná tělesa","Computed relations for the selected bodies","Relations calculées pour les corps sélectionnés","Relaciones calculadas para los cuerpos seleccionados"
"aspectarium_search_aspects","Hledat aspekty…","Search aspects…","Rechercher des aspects…","Buscar aspectos…"
"aspectarium_search_planets","Hledat planety…","Search planets…","Rechercher des planètes…","Buscar planetas…"
"aspectarium_select_all","Vybrat vše","Select all","Tout sélectionner","Seleccionar todo"
"aspectarium_select_aspect_hint","Klikněte na vyplněnou buňku aspektu a zobrazí se detail vpravo.","Select a populated aspect cell to inspect its details.","Sélectionnez une cellule d’aspect remplie pour afficher le détail.","Seleccione una celda de aspecto rellena para ver el detalle."
"aspectarium_selected_count","Vybráno: {{count}}","{{count}} selected","{{count}} sélectionnés","{{count}} seleccionados"
"aspectarium_separating","Separační","Separating","Séparatif","Separativo"
"aspectarium_view_list","Seznam","List","Liste","Lista"
"aspectarium_view_midpoints","Středové body","Midpoints","Points médians","Puntos medios"
"aspectarium_view_table","Tabulka","Table","Tableau","Tabla"
"aspects","Aspekty","Aspects","Aspects","Aspectos"
"aspects_aspects","Aspektárium","Aspects","Aspects","Aspectos"
"aspects_table_area","Tabulka aspektů","Aspects table area","Table des aspects","Tabla de aspectos"
"astrolabe","Astroláb","Astrolabe","Astrolabe","Astrolabio"
"astrolabe_unit_day","den","day","jour","día"
"astrolabe_unit_hr","hodina","hour","heure","hora"
"astrolabe_unit_min","minuta","minute","minute","minuto"
"astrolabe_unit_month","měsíc","month","mois","mes"
"astrolabe_unit_sec","sekunda","second","seconde","segundo"
"astrolabe_unit_yr","rok","year","an","año"
"button_close","Zavřít","Close","Fermer","Cerrar"
"button_open_chart","Otevřít horoskop","Open chart","Ouvrir le thème","Abrir carta"
"button_search","Hledat","Search","Rechercher","Buscar"
"calculate","Vypočítat","Calculate","Calculer","Calcular"
"cancel","Zrušit","Cancel","Annuler","Cancelar"
"charts","Horoskopy","Charts","Thèmes","Cartas"
"clear","Vymazat","Clear","Effacer","Limpiar"
"column_bodies","Tělesa","Bodies","Corps","Cuerpos"
"column_time","Čas","Time","Heure","Hora"
"confirm","Potvrdit","Confirm","Confirmer","Confirmar"
"context_label","Kontext","Context","Contexte","Contexto"
"current","Aktuální horoskop","Current","Actuel","Actual"
"current_info_latitude","zeměpisná šířka","Latitude","Latitude","Latitud"
"current_info_longitude","zeměpisná délka","Longitude","Longitude","Longitud"
"current_info_timezone","časové pásmo","Timezone","Fuseau","Zona"
"cycle_analysis_empty","Vyberte pár nebo vypočítejte sérii tranzitů pro zobrazení jeho cyklu.","Select a pair or compute a transit series to see its cycle.","Sélectionnez une paire ou calculez une série de transits pour voir son cycle.","Seleccione un par o calcule una serie de tránsitos para ver su ciclo."
"cycle_analysis_exact_hits","Přesné zásahy","Exact hits","Aspects exacts","Aspectos exactos"
"cycle_analysis_glossary_applying","Přibližující se — orbis se zmenšuje; aspekt se blíží přesnému zákrytu.","Applying — the orb is shrinking; the aspect is approaching exactness.","Appliquant — l'orbe diminue ; l'aspect approche de l'exactitude.","Aplicando — el orbe se reduce; el aspecto se acerca a la exactitud."
"cycle_analysis_glossary_orb","Orbis — maximální odchylka od přesného úhlu aspektu, která je ještě považována za daný aspekt.","Orb — the maximum deviation from an aspect's exact angle still counted as that aspect.","Orbe — l'écart maximal par rapport à l'angle exact d'un aspect encore considéré comme cet aspect.","Orbe — la desviación máxima respecto al ángulo exacto de un aspecto que todavía se cuenta como ese aspecto."
"cycle_analysis_glossary_retrograde","Retrográdní — zdánlivý pohyb tranzitujícího tělesa je obrácený, což může způsobit, že stejný aspekt nastane přesně vícekrát.","Retrograde — the transiting body's apparent motion is reversed, which can make the same aspect perfect more than once.","Rétrograde — le mouvement apparent du corps en transit est inversé, ce qui peut faire que le même aspect devienne exact plus d'une fois.","Retrógrado — el movimiento aparente del cuerpo en tránsito se invierte, lo que puede hacer que el mismo aspecto se vuelva exacto más de una vez."
"cycle_analysis_glossary_separating","Vzdalující se — orbis se zvětšuje; aspekt už přesný zákryt překročil.","Separating — the orb is widening; the aspect has passed exactness.","Séparant — l'orbe augmente ; l'aspect a dépassé l'exactitude.","Separando — el orbe aumenta; el aspecto ya superó la exactitud."
"cycle_analysis_glossary_stationary","Stacionární — denní pohyb tranzitujícího tělesa je téměř nulový, těsně předtím nebo poté, co se obrátí na retrográdní nebo přímý.","Stationary — the transiting body's daily motion is near zero, just before or after it turns retrograde or direct.","Stationnaire — le mouvement quotidien du corps en transit est proche de zéro, juste avant ou après qu'il devienne rétrograde ou direct.","Estacionario — el movimiento diario del cuerpo en tránsito es casi nulo, justo antes o después de volverse retrógrado o directo."
"cycle_analysis_glossary_title","Definice","Definitions","Définitions","Definiciones"
"cycle_analysis_motion_direct","{{body}} je přímé","{{body}} is direct","{{body}} est direct","{{body}} está directo"
"cycle_analysis_motion_retrograde","{{body}} je retrográdní","{{body}} is retrograde","{{body}} est rétrograde","{{body}} está retrógrado"
"cycle_analysis_motion_stationary","{{body}} je stacionární","{{body}} is stationary","{{body}} est stationnaire","{{body}} está estacionario"
"cycle_analysis_status_applying","Přibližuje se — {{percent}} % k přesnému zákrytu","Applying — {{percent}}% to exact","Applique — {{percent}} % vers l'exactitude","Aplicando — {{percent}}% hacia la exactitud"
"cycle_analysis_status_separating","Vzdaluje se — {{percent}} % za přesným zákrytem","Separating — {{percent}}% past exact","Sépare — {{percent}} % après l'exactitude","Separando — {{percent}}% tras la exactitud"
"cycle_analysis_title","Analýza cyklu","Cycle analysis","Analyse du cycle","Análisis del ciclo"
"dashboard_no_positions","Zatím nejsou vypočtené žádné pozice.","No computed positions yet.","Aucune position calculée pour le moment.","Aún no hay posiciones calculadas."
"dashboard_positions_picker_hint","Zde můžete vybrat, která tělesa a body se zobrazí v panelu Poloha.","Choose which points appear in the Positions panel.","Choisissez les points du panneau Position.","Elija qué puntos aparecen en el panel de posiciones."
"dashboard_positions_picker_title","Vybrat tělesa","Select bodies","Choisir les corps","Elegir cuerpos"
"dashboard_positions_scroll_hint","Scrollujte pro více","Scroll for more","Faites défiler pour plus","Desplácese para ver más"
"database_placeholder","Vlastní rozvržení pro vyhledávání osob","Custom layout for fetching specific persons","Mise en page personnalisée pour rechercher des personnes spécifiques","Diseño personalizado para buscar personas específicas"
"default_aspects","Výchozí aspekty","Default aspects","Aspects par défaut","Aspectos por defecto"
"default_location","Výchozí lokace","Default location","Lieu par défaut","Ubicación por defecto"
"demo_chart_coords","49N06´00 18E22´48","49N06´00 18E22´48","49N06´00 18E22´48","49N06´00 18E22´48"
"demo_chart_date_line","2. 12. 1987","2 Dec 1987","2 déc. 1987","2 dic. 1987"
"demo_chart_house_system","Tropický / Campanus","Tropical / Campanus","Tropical / Campanus","Tropical / Campanus"
"demo_chart_location","Pardubice","Pardubice","Pardubice","Pardubice"
"demo_chart_name","Pavel Malina","Pavel Malina","Pavel Malina","Pavel Malina"
"demo_chart_time_line","6:15:00 GMT+1:00 DTS","6:15:00 GMT+1:00 DST","6:15:00 GMT+1:00 DST","6:15:00 GMT+1:00 DST"
"detail_altitude","Výška nad obzorem","Altitude","Hauteur","Altura"
"detail_azimuth","Azimut","Azimuth","Azimut","Azimut"
"detail_declination","Deklinace","Declination","Déclinaison","Declinación"
"detail_element","Živel","Element","Élément","Elemento"
"detail_right_ascension","Rektascenze","Right ascension","Ascension droite","Ascensión recta"
"detail_shapes","Tvary","Shapes","Formes","Formas"
"detail_speed","Rychlost","Speed","Vitesse","Velocidad"
"detail_symbols","Symboly","Symbols","Symboles","Símbolos"
"details","Podrobné Informace","Details","Détails","Detalles"
"dynamic","Dynamický","Dynamic","Dynamique","Dinámico"
"dynamic_transits","Dynamické Transity","Dynamic Transits","Transits dynamiques","Tránsitos dinámicos"
"edit_radix_title","Upravit radix","Edit chart","Modifier le thème","Editar carta"
"edit_save_submit","Uložit horoskop","Save chart","Enregistrer le thème","Guardar carta"
"element_air","Vzduch","Air","Air","Aire"
"element_earth","Země","Earth","Terre","Tierra"
"element_fire","Oheň","Fire","Feu","Fuego"
"element_water","Voda","Water","Eau","Agua"
"export","Export","Export","Exporter","Exportar"
"export_include","Zahrnout do exportu","Include in export","Inclure dans l'exportation","Incluir en exportación"
"export_include_aspects","Aspekty","Aspects","Aspects","Aspectos"
"export_include_info","Info","Info","Info","Info"
"export_include_location","Lokace","Location","Lieu","Ubicación"
"export_type_pdf","Export PDF","Export PDF","Exporter PDF","Exportar PDF"
"export_type_png","Export PNG","Export PNG","Exporter PNG","Exportar PNG"
"export_type_print","Tisk","Print","Imprimer","Imprimir"
"favorite","Oblíbené","Favorite","Favori","Favorito"
"glyph_manager_title","Vlastní glyfy","Custom glyphs","Glyphes personnalisés","Glifos personalizados"
"house_system","Systém domů","House System","Système de Maisons","Sistema de Casas"
"house_system_equal","Ekvální","Equal","Égal","Igual"
"house_system_whole_sign","Celoznamenný","Whole Sign","Signe entier","Signo entero"
"info","Info","Info","Info","Info"
"info_angular_planet","Rohová planeta","Angular planet","Planète angulaire","Planeta angular"
"info_by_position","Polohou","By position","Par position","Por posición"
"info_detailed_planet_positions","Detailní informace o poloze planet","Detailed planet positions","Positions détaillées","Posiciones detalladas"
"info_dominance_aspects","Převaha aspektů","Aspect dominance","Dominance aspects","Dominancia de aspectos"
"info_dominance_element","Převaha živlu","Element dominance","Dominance élément","Dominancia de elemento"
"info_dominance_houses","Převaha v domech","House dominance","Dominance maisons","Dominancia de casas"
"info_dominance_mode_quality","Převaha modu/kvality znamení","Sign mode/quality dominance","Dominance mode/qualité","Dominancia de modo/cualidad"
"info_extroversion_introversion_ratio","Poměr extroverze a introverze","Extraversion–introversion ratio","Ratio extraversion–introversion","Ratio extraversión–introversión"
"info_final_dispositor","Finální dispozitor","Final dispositor","Dispositor final","Dispositor final"
"info_focal_planet","Obráběcí planeta","Focal planet","Planète focale","Planeta focal"
"info_focal_planets","Ohniskové planety","Focal planets","Planètes focales","Planetas focales"
"info_hemisphere_emphasis","Zdůraznění hemisféry","Hemisphere emphasis","Emphase hémisphère","Énfasis hemisférico"
"info_horoscope_ruler","Vládce horoskopu","Chart ruler","Maître du thème","Regente del horóscopo"
"info_horoscope_shape_diagram","Tvarový diagram horoskopu","Horoscope shape diagram","Diagramme de forme","Diagrama de forma"
"info_lunar_phases","Lunární fáze","Lunar phases","Phases lunaires","Fases lunares"
"info_mercury","Merkur","Mercury","Mercure","Mercurio"
"info_negative_aspects","Aspektů","Aspects","Aspects","Aspectos"
"info_negative_dynamics","Negativní dynamika","Negative dynamics","Dynamiques négatives","Dinámicas negativas"
"info_negative_elements","Živlu","Elements","Éléments","Elementos"
"info_negative_houses","V domech","Houses","Maisons","Casas"
"info_negative_quality_signs","Kvalita znamení","Sign quality","Qualité des signes","Cualidad de signos"
"info_planetary_configuration","Planetární konfigurace","Planetary configuration","Configuration planétaire","Configuración planetaria"
"info_planets_abstract_points","Planety v kontaktu s abstraktními body","Planets and abstract points","Planètes et points abstraits","Planetas y puntos abstractos"
"info_positive_dominances","Převahy pozitivní","Positive dominances","Dominances positives","Dominancias positivas"
"info_quadrant_division","Rozdělení v kvadrantech","Quadrant division","Division en quadrants","División por cuadrantes"
"info_sabian_symbols","Sabiánské symboly","Sabian symbols","Symboles sabian","Símbolos sabianos"
"info_singleton","Singlton","Singleton","Singleton","Singleton"
"info_singleton_hemisphere","Singlton v hemisféře","Singleton in hemisphere","Singleton en hémisphère","Singleton en hemisferio"
"info_stellium","Stellium","Stellium","Stellium","Stellium"
"info_sun_moon_horizon","Slunce a Luna (obzor)","Sun and Moon (horizon)","Soleil et Lune (horizon)","Sol y Luna (horizonte)"
"info_trigger_planet","Planeta spouštěcí","Trigger planet","Planète déclenchante","Planeta disparador"
"info_unaspect_planets","Neaspektované planety","Unaspected planets","Planètes sans aspect","Planetas sin aspecto"
"info_venus","Venuše","Venus","Vénus","Venus"
"label_color_preset","Barevné přednastavení","Color preset","Thème de couleur","Tema de color"
"label_languages","Jazyky","Languages","Langues","Idiomas"
"label_orb","Orb","Orb","Orb","Orb"
"label_themes","Motivy","Themes","Thèmes","Temas"
"language","Jazyk","Language","Langue","Idioma"
"list_items","Kontexty","Contexts","Contextes","Contextos"
"load","Načíst uložený horoskop","Load","Charger","Cargar"
"loading_positions","Načítání pozic…","Loading positions…","Chargement des positions…","Cargando posiciones…"
"measuring_space","Měření dostupného prostoru…","Measuring available space…","Mesure de l'espace…","Midiendo espacio…"
"mode_view_description","Použijte střední panel pro zobrazení {mode}.","Use the center panel for {mode} view.","Utilisez le panneau central pour la vue {mode}.","Use el panel central para la vista {mode}."
"new","Nový horoskop","New","Nouveau","Nuevo"
"new_back","Zpět","Back","Retour","Volver"
"new_context_placeholder","např. Jan Novák","e.g. John Doe","ex. Jean Dupont","ej. Juan Pérez"
"new_create_submit","Vytvořit horoskop","Create chart","Créer le thème","Crear carta"
"new_date","Datum","Date","Date","Fecha"
"new_dir_east","Východní","East","Est","Este"
"new_dir_north","Severní","North","Nord","Norte"
"new_dir_south","Jižní","South","Sud","Sur"
"new_dir_west","Západní","West","Ouest","Oeste"
"new_home_location_details","Detaily domovské lokace","Home location details","Détails du lieu de référence","Detalles de ubicación base"
"new_julian_calendar_date","Datum v juliánském kalendáři","Julian calendar date","Date du calendrier julien","Fecha del calendario juliano"
"new_julian_day","Juliánské datum","Julian Day","Jour julien","Día juliano"
"new_location","Lokace","Location","Lieu","Lugar"
"new_location_regime","Režim lokace","Location regime","Régime de lieu","Régimen de ubicación"
"new_location_search","fulltextově","Search","Recherche","Búsqueda"
"new_manual_time_details","Ručně nastavený čas","Manual time details","Détails horaires manuels","Detalles manuales de hora"
"new_name","Název Horoskopu","Name","Nom","Nombre"
"new_placeholder_any_location","Jakákoliv vyhledatelná lokalita…","Any searchable location…","N’importe quel lieu recherchable…","Cualquier ubicación buscable…"
"new_radix","Nový Radix","New Radix","Nouveau Radix","Nuevo Radix"
"new_radix_title","Nový Radix","New Radix","Nouveau Radix","Nuevo Radix"
"new_resolve_location","Najít souřadnice","Resolve","Résoudre","Resolver"
"new_resolving_location","Hledám…","Resolving…","Résolution…","Resolviendo…"
"new_roden_rating","Rodenovo hodnocení","Roden Rating","Cote Roden","Clasificación Roden"
"new_roden_rating_a","Ověřený čas (osobní zdroj)","Verified time (personal source)","Heure vérifiée (source personnelle)","Hora verificada (fuente personal)"
"new_roden_rating_aa","Ověřený čas (dokument)","Verified time (document)","Heure vérifiée (document)","Hora verificada (documento)"
"new_roden_rating_b","Biografický zdroj","Biography source","Source biographique","Fuente biográfica"
"new_roden_rating_c","Nejistý záznam","Uncertain record","Enregistrement incertain","Registro incierto"
"new_roden_rating_dd","Neplatná data","Not valid data","Données non valides","Datos no válidos"
"new_roden_rating_placeholder","Vyberte hodnocení…","Select rating…","Sélectionner une cote…","Seleccionar clasificación…"
"new_roden_rating_x","Neznámý čas","Unknown time","Heure inconnue","Hora desconocida"
"new_tags","Štítky","Tags","Tags","Etiquetas"
"new_tags_comma_hint","Oddělujte čárkou…","Separate with commas…","Séparer par des virgules…","Separar con comas…"
"new_time","Čas","Time","Heure","Hora"
"new_time_regime","Časový režim","Time regime","Régime horaire","Régimen horario"
"new_time_regime_auto","Automaticky","Auto","Auto","Auto"
"new_time_regime_manual","Ručně","Manual","Manuel","Manual"
"new_time_system","Kalendář","Calendar","Calendrier","Calendario"
"new_time_system_gregorian","Gregoriánský","Gregorian","Grégorien","Gregoriano"
"new_time_system_julian_calendar","Juliánský","Julian","Julien","Juliano"
"new_time_system_julian_day","Juliánské datum (JD)","Julian Day (JD)","Jour julien (JJ)","Día juliano (JD)"
"new_timezone","Časové pásmo","Timezone","Fuseau horaire","Zona horaria"
"new_timezone_no_results","Nenalezeno žádné časové pásmo.","No timezone found.","Aucun fuseau horaire trouvé.","No se encontró ninguna zona horaria."
"new_timezone_placeholder","Europe/Prague nebo UTC+01:00","Europe/Prague or UTC+01:00","Europe/Prague ou UTC+01:00","Europe/Prague o UTC+01:00"
"new_timezone_region","Region časového pásma","Timezone region","Région du fuseau horaire","Región de zona horaria"
"new_type","Typ horoskopu","Type","Type","Tipo"
"new_type_composite","Kompozitní","Composite","Composite","Compuesta"
"new_type_event","Událost","Event","Événement","Evento"
"new_type_horary","Horární","Horary","Horaire","Horaria"
"new_type_radix","Nativita","Nativity","Nativité","Natividad"
"new_utc_offset","Posun UTC","UTC offset","Décalage UTC","Desfase UTC"
"new_utc_shift_definition","Definice posunu UTC","UTC shift definition","Définition du décalage UTC","Definición del desfase UTC"
"no_positions_yet","Zatím nejsou vypočítány žádné pozice.","No positions computed yet.","Aucune position calculée pour l'instant.","Aún no se han calculado posiciones."
"observable_category_angles","Osy","Angles","Angles","Ángulos"
"observable_category_black_luna","Černá Luna","Black Luna","Lune noire","Luna negra"
"observable_category_calculated_points","Vypočtené body","Calculated Points","Points calculés","Puntos calculados"
"observable_category_fixed_stars","Hvězdy","Fixed Stars","Étoiles fixes","Estrellas fijas"
"observable_category_sensitive_points","Citlivé body","Sensitive Points","Points sensibles","Puntos sensibles"
"open_chart","Otevřít Horoskop","Open Chart","Ouvrir Carte","Abrir Carta"
"open_clear_filters","Zrušit filtr","Clear filters","Effacer les filtres","Borrar filtros"
"open_configuration_double_biquintile","Dvojitý bikvintil","Double biquintile","Double biquintile","Doble biquintil"
"open_configuration_double_quincunx","Dvojitý kvinkunx","Double quincunx","Double quinconce","Doble quincuncio"
"open_configuration_grand_cross","Velká kvadratura (kříž)","Grand cross","Grand carré (croix)","Gran cuadratura (cruz)"
"open_configuration_grand_trine","Velký trigon","Grand trine","Grand trigone","Gran trígono"
"open_configuration_hexagram","Hexagram","Hexagram","Hexagramme","Hexagrama"
"open_configuration_kite","Drak","Kite","Cerf-volant","Cometa"
"open_configuration_kite_air","Vzdušný drak","Air kite","Cerf-volant d’air","Cometa de aire"
"open_configuration_kite_earth","Zemský drak","Earth kite","Cerf-volant de terre","Cometa de tierra"
"open_configuration_kite_fire","Ohnivý drak","Fire kite","Cerf-volant de feu","Cometa de fuego"
"open_configuration_kite_water","Vodní drak","Water kite","Cerf-volant d’eau","Cometa de agua"
"open_configuration_mystic_rectangle","Psaníčko (mystický obdélník)","Mystic rectangle","Rectangle mystique","Rectángulo místico"
"open_configuration_pentagram","Pentagram","Pentagram","Pentagramme","Pentagrama"
"open_configuration_t_square","T-kvadratura","T-square","Carré en T","Cuadratura en T"
"open_date_day","Den","Day","Jour","Día"
"open_date_hour","Hodina","Hour","Heure","Hora"
"open_date_minute","Minuta","Minute","Minute","Minuto"
"open_date_month","Měsíc","Month","Mois","Mes"
"open_date_second","Sekunda","Second","Seconde","Segundo"
"open_date_year","Rok","Year","Année","Año"
"open_element_air","Vzdušný","Air","D’air","De aire"
"open_element_earth","Zemský","Earth","De terre","De tierra"
"open_element_fire","Ohnivý","Fire","De feu","De fuego"
"open_element_water","Vodní","Water","D’eau","De agua"
"open_filter_add_condition","Přidat podmínku","Add condition","Ajouter une condition","Añadir condición"
"open_filter_aspect","Aspekt","Aspect","Aspect","Aspecto"
"open_filter_aspects","Aspekty","Aspects","Aspects","Aspectos"
"open_filter_chart_shape","Tvar horoskopu","Horoscope shape","Forme du thème","Forma de la carta"
"open_filter_chart_type","Typ horoskopu","Chart type","Type de thème","Tipo de carta"
"open_filter_content_search","Obsahové vyhledávání","Content search","Recherche dans le contenu","Búsqueda de contenido"
"open_filter_degree","Stupeň","Degree","Degré","Grado"
"open_filter_house","Dům","House","Maison","Casa"
"open_filter_houses","Domy","Houses","Maisons","Casas"
"open_filter_location_fulltext","Fulltextové vyhledávání lokací a států","Fulltext location and country search","Recherche plein texte des lieux et pays","Búsqueda de texto completo de lugares y países"
"open_filter_motion","Pohyb","Motion","Mouvement","Movimiento"
"open_filter_planet","Planeta","Planet","Planète","Planeta"
"open_filter_planets","Planety","Planets","Planètes","Planetas"
"open_filter_remove_condition","Odebrat podmínku","Remove condition","Supprimer la condition","Eliminar condición"
"open_filter_sign","Znamení","Sign","Signe","Signo"
"open_filter_tag_fulltext","Fulltextové vyhledávání štítků","Fulltext tag search","Recherche plein texte des tags","Búsqueda de texto completo en etiquetas"
"open_filter_visibility_title","Viditelné filtry","Visible filters","Filtres visibles","Filtros visibles"
"open_import_horoscope","Importovat horoskop","Import horoscope","Importer un horoscope","Importar horóscopo"
"open_modality_cardinal","Základní znamení","Cardinal signs","Signes cardinaux","Signos cardinales"
"open_modality_fixed","Pevné znamení","Fixed signs","Signes fixes","Signos fijos"
"open_modality_mutable","Mutuální znamení","Mutable signs","Signes mutables","Signos mutables"
"open_mode_database","Databáze","Database","Base de données","Base de datos"
"open_mode_history","Historie","History","Historique","Historial"
"open_mode_my_radixes","Moje horoskopy","My Horoscopes","Mes horoscopes","Mis horóscopos"
"open_motion_direct","Direktní","Direct","Direct","Directo"
"open_motion_retrograde","Retrográdní","Retrograde","Rétrograde","Retrógrado"
"open_motion_stationary","Stacionární","Stationary","Stationnaire","Estacionario"
"open_search_no_results","Žádná shoda s vyhledáváním.","No matches for your search.","Aucun résultat pour cette recherche.","Sin resultados para su búsqueda."
"open_select_all","Vybrat vše","Select all","Tout sélectionner","Seleccionar todo"
"open_shape_bowl","Miska","Bowl","Bol","Cuenco"
"open_shape_bowl_day","Denní miska","Day bowl","Bol diurne","Cuenco diurno"
"open_shape_bowl_east","Východní miska","Eastern bowl","Bol oriental","Cuenco oriental"
"open_shape_bowl_night","Noční miska","Night bowl","Bol nocturne","Cuenco nocturno"
"open_shape_bowl_west","Západní miska","Western bowl","Bol occidental","Cuenco occidental"
"open_shape_bucket","Vědro","Bucket","Seau","Cubo"
"open_shape_bundle","Ranec","Bundle","Faisceau","Haz"
"open_shape_leading_planet","Vůdčí planeta","Leading planet","Planète meneuse","Planeta líder"
"open_shape_locomotive","Lokomotiva","Locomotive","Locomotive","Locomotora"
"open_shape_seesaw","Houpačka","Seesaw","Balançoire","Balancín"
"open_shape_shifted_center","Posunuté těžiště (vymknutí)","Shifted center of gravity","Centre de gravité décalé","Centro de gravedad desplazado"
"open_shape_splash","Rozptyl","Splash","Dispersion","Dispersión"
"open_shape_splay","Splay","Splay","Splay","Splay"
"open_sign_aquarius","Vodnář","Aquarius","Verseau","Acuario"
"open_sign_aries","Beran","Aries","Bélier","Aries"
"open_sign_cancer","Rak","Cancer","Cancer","Cáncer"
"open_sign_capricorn","Kozoroh","Capricorn","Capricorne","Capricornio"
"open_sign_gemini","Blíženci","Gemini","Gémeaux","Géminis"
"open_sign_leo","Lev","Leo","Lion","Leo"
"open_sign_libra","Váhy","Libra","Balance","Libra"
"open_sign_pisces","Ryby","Pisces","Poissons","Piscis"
"open_sign_sagittarius","Střelec","Sagittarius","Sagittaire","Sagitario"
"open_sign_scorpio","Štír","Scorpio","Scorpion","Escorpio"
"open_sign_taurus","Býk","Taurus","Taureau","Tauro"
"open_sign_virgo","Panna","Virgo","Vierge","Virgo"
"open_table_empty","Zatím žádné horoskopy. Otevřete pracovní prostor.","No charts yet. Open a workspace.","Aucun thème pour l’instant. Ouvrez un espace de travail.","Aún no hay cartas. Abra un espacio de trabajo."
"open_type_lunar","Lunár","Lunar return","Révolution lunaire","Revolución lunar"
"open_type_primary_direction","Primární direkce","Primary direction","Direction primaire","Dirección primaria"
"open_type_secondary_direction","Sekundární direkce","Secondary direction","Direction secondaire","Dirección secundaria"
"open_type_solar","Solár","Solar return","Révolution solaire","Revolución solar"
"open_type_synastry","Synastrie","Synastry","Synastrie","Sinastría"
"open_type_transit","Tranzit","Transit","Transit","Tránsito"
"open_workspace","Otevřít pracovní prostor","Open Workspace","Ouvrir l'espace de travail","Abrir espacio de trabajo"
"opened_contexts","Otevřené kontexty","Opened contexts","Contextes ouverts","Contextos abiertos"
"overview","Přehled","Overview","Aperçu","Resumen"
"placeholder_default_location","Zadejte výchozí lokaci...","Enter default location...","Lieu par défaut...","Ubicación por defecto..."
"placeholder_latitude","Zeměpisná šířka","Latitude","Latitude","Latitud"
"placeholder_longitude","Zeměpisná délka","Longitude","Longitude","Longitud"
"placeholder_tags_example","např. osobní, důležité","e.g. personal, important","ex. personnel, important","ej. personal, importante"
"placeholder_utc_offset","Časové pásmo (UTC)","UTC offset","Fuseau (UTC)","Zona horaria (UTC)"
"placeholder_view_body","Vyberte jinou položku v postranním panelu nebo se vraťte na hlavní přehled horoskopu.","Choose another item in the sidebar or return to the main horoscope view.","Choisissez un autre élément dans la barre latérale ou revenez à l’horoscope principal.","Elija otra opción en la barra lateral o vuelva a la vista principal del horóscopo."
"placeholder_view_subtitle","Tento pohled zatím není k dispozici","This view is not available yet","Cette vue n’est pas encore disponible","Esta vista aún no está disponible"
"placeholder_view_title","Pracovní prostor","Workspace","Espace de travail","Espacio de trabajo"
"planet_jupiter","Jupiter","Jupiter","Jupiter","Júpiter"
"planet_mars","Mars","Mars","Mars","Marte"
"planet_mercury","Merkur","Mercury","Mercure","Mercurio"
"planet_moon","Luna","Moon","Lune","Luna"
"planet_neptune","Neptun","Neptune","Neptune","Neptuno"
"planet_pluto","Pluto","Pluto","Pluton","Plutón"
"planet_saturn","Saturn","Saturn","Saturne","Saturno"
"planet_sun","Slunce","Sun","Soleil","Sol"
"planet_uranus","Uran","Uranus","Uranus","Urano"
"planet_venus","Venuše","Venus","Vénus","Venus"
"point_admetos","Admetos","Admetos","Admetos","Admetos"
"point_antivertex","Antivertex","Antivertex","Antivertex","Antivértex"
"point_apollon","Apollon","Apollon","Apollon","Apolón"
"point_asc","ASC","ASC","ASC","ASC"
"point_astraea","Astrea","Astraea","Astrée","Astrea"
"point_ceres","Ceres","Ceres","Cérès","Ceres"
"point_chiron","Chiron","Chiron","Chiron","Quirón"
"point_cupido","Cupido","Cupido","Cupidon","Cupido"
"point_dsc","DSC","DSC","DSC","DSC"
"point_egeria","Egeria","Egeria","Égérie","Egeria"
"point_eris","Eris","Eris","Éris","Eris"
"point_eunomia","Eunomia","Eunomia","Eunomie","Eunomia"
"point_flora","Flora","Flora","Flore","Flora"
"point_fortuna","Fortuna","Fortuna","Fortuna","Fortuna"
"point_hades","Hades","Hades","Hadès","Hades"
"point_haumea","Haumea","Haumea","Hauméa","Haumea"
"point_hebe","Hebe","Hebe","Hébé","Hebe"
"point_hygiea","Hygiea","Hygiea","Hygie","Higía"
"point_ic","IC","IC","IC","IC"
"point_irene","Irene","Irene","Irène","Irene"
"point_iris","Iris","Iris","Iris","Iris"
"point_juno","Juno","Juno","Junon","Juno"
"point_kronos","Kronos","Kronos","Kronos","Kronos"
"point_lilith","Lilith","Lilith","Lilith","Lilith"
"point_lilith_oscu","Oskulační Lilith","Osculating Lilith","Lilith osculante","Lilith osculante"
"point_lilith_true","Pravá Lilith","True Lilith","Vraie Lilith","Lilith verdadera"
"point_makemake","Makemake","Makemake","Makémaké","Makemake"
"point_massalia","Massalia","Massalia","Massalia","Masalia"
"point_mc","MC","MC","MC","MC"
"point_melpomene","Melpomene","Melpomene","Melpomène","Melpómene"
"point_metis","Metis","Metis","Métis","Metis"
"point_north_node","Severní uzel","North Node","Nœud Nord","Nodo Norte"
"point_orcus","Orcus","Orcus","Orcus","Orcus"
"point_pallas","Pallas","Pallas","Pallas","Palas"
"point_part_of_fortune","Bod štěstí","Part of Fortune","Point de fortune","Punto de la fortuna"
"point_part_of_spirit","Duchovní bod","Part of Spirit","Point de l'esprit","Punto del espíritu"
"point_parthenope","Parthenope","Parthenope","Parthénope","Partenope"
"point_poseidon","Poseidon","Poseidon","Poséidon","Poseidón"
"point_psyche","Psyché","Psyche","Psyché","Psique"
"point_quaoar","Quaoar","Quaoar","Quaoar","Quaoar"
"point_sedna","Sedna","Sedna","Sedna","Sedna"
"point_south_node","Jižní uzel","South Node","Nœud Sud","Nodo Sur"
"point_thetis","Thetis","Thetis","Thétis","Tetis"
"point_true_north_node","Pravý severní uzel","True North Node","Vrai nœud Nord","Nodo Norte verdadero"
"point_true_south_node","Pravý jižní uzel","True South Node","Vrai nœud Sud","Nodo Sur verdadero"
"point_varuna","Varuna","Varuna","Varuna","Varuna"
"point_vertex","Vertex","Vertex","Vertex","Vértex"
"point_vesta","Vesta","Vesta","Vesta","Vesta"
"point_victoria","Victoria","Victoria","Victoria","Victoria"
"point_vulcanus","Vulcanus","Vulcanus","Vulcanus","Vulcano"
"point_zeus","Zeus","Zeus","Zeus","Zeus"
"radix_chart_area","Oblast radixu","Radix chart area","Zone thème radical","Área de carta radical"
"revolution","Revoluce","Revolution","Révolution","Revolución"
"revolution_calculate","Vypočítat revoluci","Calculate revolution","Calculer la révolution","Calcular revolución"
"revolution_date_from","Od","From","Du","Desde"
"revolution_date_to","Do","To","Au","Hasta"
"revolution_fraction_denominator","Jmenovatel zlomku","Fraction denominator","Dénominateur de la fraction","Denominador de la fracción"
"revolution_kind_label","Typ revoluce","Revolution type","Type de révolution","Tipo de revolución"
"revolution_kind_lunar","Lunární","Lunar","Lunaire","Lunar"
"revolution_kind_relative","Relativ","Relative","Relative","Relativa"
"revolution_kind_solar","Solární","Solar","Solaire","Solar"
"revolution_lunar","Lunární","Lunar","Lunaire","Lunar"
"revolution_scope_fraction","Volitelný zlomek","Custom fraction","Fraction personnalisée","Fracción personalizada"
"revolution_scope_label","Revoluce","Revolution","Révolution","Revolución"
"revolution_scope_quarters","Revoluce, půl a čtvrt revoluce","Revolution, half and quarter revolution","Révolution, demi et quart de révolution","Revolución, media y cuarto de revolución"
"revolution_scope_return","Pouze revoluce","Revolution only","Révolution uniquement","Solo revolución"
"revolution_set_period","Nastavit období","Set period","Définir la période","Definir período"
"revolution_solar","Solar","Solar","Solaire","Solar"
"revolution_submitted","Výpočet revoluce je připraven","Revolution calculation is ready","Le calcul de la révolution est prêt","El cálculo de la revolución está listo"
"revolution_trans_return","Trans-revoluce","Trans-revolution","Trans-révolution","Trans-revolución"
"right_panel","Poloha","Location","Position","Ubicación"
"right_panel_description","Rozbalitelný obsah (vpravo). Vložte vlastnosti, protokoly atd.","Expandable content (right). Put properties, logs, etc.","Contenu extensible (droite). Mettez des propriétés, journaux, etc.","Contenido expandible (derecha). Coloque propiedades, registros, etc."
"save_workspace","Uložit pracovní prostor","Save Workspace","Enregistrer l'espace de travail","Guardar espacio de trabajo"
"search_fulltext","Fulltextové vyhledávání","Fulltext search","Recherche en texte intégral","Búsqueda de texto completo"
"search_placeholder","Hledat…","Search…","Rechercher…","Buscar…"
"section_app_layout","Rozvržení aplikace","App layout","Disposition de l’application","Diseño de la aplicación"
"section_jan_kefer","Jan Kefer","Jan Kefer","Jan Kefer","Jan Kefer"
"section_jazyk_lokace","Jazyk a lokace","Language & location","Langue et lieu","Idioma y ubicación"
"section_manual","Manuál","Manual","Manuel","Manual"
"section_nastaveni_aspektu","Nastavení aspektů","Aspect settings","Aspects","Aspectos"
"section_observable_objects","Pozorované objekty","Observable objects","Objets observables","Objetos observables"
"section_symbols_layout","Rozvržení symbolů","Symbols layout","Disposition des symboles","Diseño de símbolos"
"section_system_domu","Systém domů","House system","Système de maisons","Sistema de casas"
"section_vzhled","Vzhled","Appearance","Apparence","Apariencia"
"select_glyph_set","Vybrat sadu symbolů","Select glyph set","Choisir le set de glyphes","Seleccionar set de glifos"
"select_language","Vybrat jazyk","Select language","Choisir la langue","Seleccionar idioma"
"select_preset","Vybrat přednastavení","Select preset","Choisir le thème","Seleccionar tema"
"select_wheel_style","Vybrat styl kola","Select wheel style","Choisir le style de roue","Seleccionar estilo de rueda"
"selected","vybráno","selected","sélectionné","seleccionado"
"settings","Nastavení","Settings","Paramètres","Ajustes"
"settings_about","O Aplikaci a právní ujednání využití","About","À propos","Acerca"
"settings_app_shell_icons","Symboly aplikace","App symbols","Symboles de l’application","Símbolos de la aplicación"
"settings_aspect_line_loose_pct","Prah volný (% max. orbu)","Loose threshold (% of max orb)","Seuil large (% de l’orbe max.)","Umbral amplio (% del orbe máx.)"
"settings_aspect_line_medium_pct","Prah střední (% max. orbu)","Medium threshold (% of max orb)","Seuil moyen (% de l’orbe max.)","Umbral medio (% del orbe máx.)"
"settings_aspect_line_outer_style","Styl čáry (ještě volnější)","Outer tier line style","Style de trait (au-delà du seuil large)","Estilo de línea (más amplio que la banda amplia)"
"settings_aspect_line_tight_pct","Prah těsný (% max. orbu)","Tight threshold (% of max orb)","Seuil serré (% de l’orbe max.)","Umbral estrecho (% del orbe máx.)"
"settings_aspect_line_width_loose","Tloušťka čáry (volný)","Stroke width (loose)","Épaisseur de trait (large)","Grosor de línea (amplio)"
"settings_aspect_line_width_medium","Tloušťka čáry (střední)","Stroke width (medium)","Épaisseur de trait (moyen)","Grosor de línea (medio)"
"settings_aspect_line_width_outer","Tloušťka čáry (ještě volnější)","Stroke width (looser than loose band)","Épaisseur de trait (au-delà du seuil large)","Grosor de línea (más amplio que la banda amplia)"
"settings_aspect_line_width_tight","Tloušťka čáry (těsný)","Stroke width (tight)","Épaisseur de trait (serré)","Grosor de línea (estrecho)"
"settings_degree_symbol_set_unavailable","zatím nedostupné","not yet available","pas encore disponible","aún no disponible"
"settings_degree_symbol_sets","Sady stupňových symbolů","Degree symbol sets","Séries de symboles de degré","Conjuntos de símbolos de grado"
"settings_degree_symbol_sets_blurb","Vyberte, které sady stupňových symbolů se mají zobrazovat v detailu objektu.","Choose which degree symbol sets appear in an object's detail panel.","Choisissez les séries de symboles de degré à afficher dans le panneau de détail d’un objet.","Elija qué conjuntos de símbolos de grado aparecen en el panel de detalle de un objeto."
"settings_element_air","Vzduch","Air","Air","Aire"
"settings_element_colors","Barvy živlů","Element colors","Couleurs des éléments","Colores de los elementos"
"settings_element_earth","Země","Earth","Terre","Tierra"
"settings_element_fire","Oheň","Fire","Feu","Fuego"
"settings_element_water","Voda","Water","Eau","Agua"
"settings_element_wheel_blurb","Barvy zvířetníku na radixovém kole. Oheň: Beran, Lev, Střelec. Země: Býk, Panna, Kozoroh. Vzduch: Blíženci, Váhy, Vodnář. Voda: Rak, Štír, Ryby.","Zodiac ring colors on the radix wheel. Fire: Aries, Leo, Sagittarius. Earth: Taurus, Virgo, Capricorn. Air: Gemini, Libra, Aquarius. Water: Cancer, Scorpio, Pisces.","Couleurs du zodiaque sur la roue radix. Feu : Bélier, Lion, Sagittaire. Terre : Taureau, Vierge, Capricorne. Air : Gémeaux, Balance, Verseau. Eau : Cancer, Scorpion, Poissons.","Colores del anillo zodiacal en la rueda radix. Fuego: Aries, Leo, Sagitario. Tierra: Tauro, Virgo, Capricornio. Aire: Géminis, Libra, Acuario. Agua: Cáncer, Escorpio, Piscis."
"settings_element_wheel_title","Kolo — klasické živly","Wheel — classical elements","Roue — éléments classiques","Rueda — elementos clásicos"
"settings_guide","Návod ke stažení a odkaz na videa s návodem","Guide","Guide","Guía"
"settings_monochrome_hint","Odsytí barvy celé aplikace nad jakýmkoli motivem nebo paletou. Barvy vašeho motivu a palety zůstávají beze změny pod tímto filtrem.","Desaturates the whole app on top of any theme or palette. Your theme and palette colors stay as-is underneath.","Désature l’ensemble de l’application par-dessus n’importe quel thème ou palette. Les couleurs de votre thème et de votre palette restent inchangées en dessous.","Desatura toda la aplicación por encima de cualquier tema o paleta. Los colores de su tema y paleta permanecen intactos debajo."
"settings_monochrome_label","Použít monochromatický (černobílý) vzhled aplikace","Use a monochromatic (grayscale) app appearance","Utiliser un affichage monochrome (niveaux de gris) pour l’application","Usar una apariencia monocromática (escala de grises) en la aplicación"
"settings_monochrome_title","Monochromatické zobrazení","Monochromatic view","Affichage monochrome","Vista monocromática"
"settings_observable_objects_hint","Vyberte tělesa a body, které se mají v celé aplikaci počítat a zobrazovat.","Select the celestial bodies and points that should be computed and shown across the app.","Sélectionnez les corps célestes et les points à calculer et à afficher dans toute l’application.","Seleccione los cuerpos celestes y puntos que deben calcularse y mostrarse en toda la aplicación."
"settings_radix_aspect_lines_hint","Tloušťka čáry odpovídá přesnosti aspektu vůči maximálnímu orbu daného typu. Prahové hodnoty jsou v procentech max. orbu (např. 1 % = velmi přesný aspekt).","Line thickness reflects how tight the orb is compared to the max orb for that aspect type. Each threshold is a percentage of the max orb (e.g. 1% = very exact).","L’épaisseur de ligne reflète la précision de l’orbe par rapport à l’orbe maximal de ce type d’aspect. Chaque seuil est un pourcentage de l’orbe max. (par ex. 1 % = très exact).","El grosor de la línea refleja lo exacto del orbe en relación con el orbe máximo para ese tipo de aspecto. Cada umbral es un porcentaje del orbe máximo (p. ej. 1 % = muy exacto)."
"settings_radix_aspect_lines_title","Radix — čáry aspektů","Radix wheel — aspect lines","Roue radix — lignes d’aspect","Rueda radix — líneas de aspecto"
"settings_radix_style","Styl radixu","Radix style","Style du radix","Estilo del radix"
"settings_stars_filter_all","Vše","All","Tout","Todo"
"settings_stars_filter_behenian","Behéniovské hvězdy","Behenian stars","Étoiles béhéniennes","Estrellas behenianas"
"settings_stars_filter_north","Severní obloha","Northern sky","Ciel nord","Cielo norte"
"settings_stars_filter_notable","Významné hvězdy","Notable stars","Étoiles notables","Estrellas notables"
"settings_stars_filter_royal","Královské hvězdy","Royal stars","Étoiles royales","Estrellas reales"
"settings_stars_filter_south","Jižní obloha","Southern sky","Ciel sud","Cielo sur"
"settings_stars_hemisphere_filter","Filtrovat podle nebeské polokoule","Filter by sky hemisphere","Filtrer par hémisphère céleste","Filtrar por hemisferio celeste"
"settings_stars_significance_filter","Filtrovat podle astrologického významu","Filter by astrological significance","Filtrer par signification astrologique","Filtrar por significado astrológico"
"settings_stars_sign_filter","Filtrovat podle znamení zvěrokruhu","Filter by zodiac sign","Filtrer par signe du zodiaque","Filtrar por signo zodiacal"
"settings_support_us","Podpořte nás","Support us","Soutenez-nous","Apóyanos"
"settings_symbol_selector","Výběr symbolů","Symbol selector","Sélecteur de symboles","Selector de símbolos"
"settings_theme_accent","Akcent","Accent","Accent","Acento"
"settings_theme_canvas_end","Pozadí plátna konec","Canvas background end","Fin du fond du canevas","Fin del fondo del lienzo"
"settings_theme_canvas_start","Pozadí plátna začátek","Canvas background start","Début du fond du canevas","Inicio del fondo del lienzo"
"settings_theme_content_muted","Tlumený text obsahu","Content muted","Contenu atténué","Contenido atenuado"
"settings_theme_content_text_primary","Primární text obsahu","Content text primary","Texte principal du contenu","Texto principal del contenido"
"settings_theme_content_text_secondary","Sekundární text obsahu","Content text secondary","Texte secondaire du contenu","Texto secundario del contenido"
"settings_theme_hover_background","Pozadí při najetí","Hover background","Fond au survol","Fondo al pasar"
"settings_theme_main_sidebar_end","Pozadí hlavního panelu konec","Main sidebar background end","Fin du fond de la barre principale","Fin del fondo de la barra principal"
"settings_theme_main_sidebar_start","Pozadí hlavního panelu začátek","Main sidebar background start","Début du fond de la barre principale","Inicio del fondo de la barra principal"
"settings_theme_nav_text_primary","Primární text navigace","Nav text primary","Texte de navigation principal","Texto primario de navegación"
"settings_theme_nav_text_secondary","Sekundární text navigace","Nav text secondary","Texte de navigation secondaire","Texto secundario de navegación"
"settings_theme_palette_blurb","Upravte paletu aktivního motivu pro {{theme}}. Změny se promítnou do shellu aplikace a ploch rozvržení.","Edit the active theme palette for {{theme}}. Changes apply to the app shell and layout surfaces.","Modifiez la palette du thème actif pour {{theme}}. Les changements s’appliquent au shell de l’application et aux surfaces de mise en page.","Edite la paleta del tema activo para {{theme}}. Los cambios se aplican al shell de la app y a las superficies del diseño."
"settings_theme_palette_title","Paleta motivu","Theme palette","Palette du thème","Paleta del tema"
"settings_theme_reset_current","Obnovit aktuální motiv","Reset current theme","Réinitialiser le thème actuel","Restablecer tema actual"
"settings_theme_secondary_sidebar_end","Pozadí druhého panelu konec","Secondary sidebar background end","Fin du fond de la barre secondaire","Fin del fondo de la barra secundaria"
"settings_theme_secondary_sidebar_start","Pozadí druhého panelu začátek","Secondary sidebar background start","Début du fond de la barre secondaire","Inicio del fondo de la barra secundaria"
"settings_theme_selected_background","Pozadí vybraného stavu","Selected background","Fond sélectionné","Fondo seleccionado"
"settings_theme_selector","Motiv aplikace","App theme","Thème de l’application","Tema de la aplicación"
"settings_theme_transparency","Průhlednost","Transparency","Transparence","Transparencia"
"settings_wheel_orientation","Levý okraj radixu","Left edge of radix","Bord gauche du radix","Borde izquierdo del radix"
"settings_wheel_orientation_aries","Začátek Berana (0°)","Beginning of Aries (0°)","Début du Bélier (0°)","Inicio de Aries (0°)"
"settings_wheel_orientation_ascendant","Ascendent (ASC)","Ascendant (ASC)","Ascendant (ASC)","Ascendente (ASC)"
"share","Sdílet","Share","Partager","Compartir"
"sidebar_dynamics","Dynamika","Dynamics","Dynamique","Dinámica"
"sidebar_horoscope","Horoskop","Horoscope","Thème","Carta natal"
"sidebar_information","Spektrum","Spectrum","Spectre","Espectro"
"sidebar_menu","Menu","Menu","Menu","Menú"
"sidebar_new","Nový","New","Nouveau","Nuevo"
"sidebar_open","Otevřít","Open","Ouvrir","Abrir"
"sidebar_save","Uložit","Save","Enregistrer","Guardar"
"sidebar_synastry","Synastrie","Synastry","Synastrie","Sinastría"
"sidebar_theme_cycle_hint","Aktuální: {{theme}}. Klikněte pro další motiv.","Current: {{theme}}. Click for next theme.","Actuel : {{theme}}. Clic pour le thème suivant.","Actual: {{theme}}. Clic para el siguiente tema."
"sidebar_theme_midnight","Půlnoc","Midnight","Minuit","Medianoche"
"sidebar_theme_noon","Poledne","Noon","Midi","Mediodía"
"sidebar_theme_sunrise","Svítání","Sunrise","Aube","Amanecer"
"sidebar_theme_twilight","Soumrak","Twilight","Crépuscule","Crepúsculo"
"sidebar_transits","Tranzity","Transits","Transits","Tránsitos"
"symbol_set_charubel","Carubelovy symboly","Charubel's symbols","Symboles de Charubel","Símbolos de Charubel"
"symbol_set_kefer","Keferovy symboly","Kefer's symbols","Symboles de Kefer","Símbolos de Kefer"
"symbol_set_sabian","Sabiánské symboly","Sabian symbols","Symboles sabiens","Símbolos sabianos"
"symbol_set_sepharial","Sepharialovy symboly","Sepharial's symbols","Symboles de Sepharial","Símbolos de Sepharial"
"synastry_chart","Horoskop","Chart","Thème","Carta"
"synastry_choose_chart","Vyberte uložený horoskop","Choose a saved chart","Choisir un thème enregistré","Elegir una carta guardada"
"synastry_create","Vytvořit horoskop","Create chart","Créer le thème","Crear carta"
"synastry_database","Databáze","Database","Base de données","Base de datos"
"synastry_date","Datum","Date","Date","Fecha"
"synastry_input_mode","Zdroj osoby","Person source","Source de la personne","Origen de la persona"
"synastry_location","Lokace","Location","Lieu","Lugar"
"synastry_location_placeholder","Zadejte město narození…","Enter birth city…","Saisissez la ville de naissance…","Introduce la ciudad de nacimiento…"
"synastry_manual","Ručně","Manual","Manuel","Manual"
"synastry_name","Název horoskopu (nepovinné)","Horoscope name (optional)","Nom de l'horoscope (facultatif)","Nombre del horóscopo (opcional)"
"synastry_name_placeholder","Např. Martin & Petra","e.g. Martin & Petra","ex. Martin & Petra","p. ej. Martin & Petra"
"synastry_no_charts","Nejsou otevřené žádné horoskopy","No charts are open","Aucun thème n’est ouvert","No hay cartas abiertas"
"synastry_person_a","Osoba A","Person A","Personne A","Persona A"
"synastry_person_b","Osoba B","Person B","Personne B","Persona B"
"synastry_progression_date","Datum progresí","Progression date","Date des progressions","Fecha de progresiones"
"synastry_submitted","Vztahový horoskop je připraven","Relationship chart is ready","Le thème relationnel est prêt","La carta de relación está lista"
"synastry_swap","Prohodit osoby A/B","Swap persons A/B","Permuter les personnes A/B","Intercambiar personas A/B"
"synastry_time","Čas","Time","Heure","Hora"
"synastry_today","Dnešní datum","Today","Aujourd’hui","Hoy"
"synastry_type_coalescent","Coalescent","Coalescent","Coalescent","Coalescente"
"synastry_type_coalescent_description","Sloučený vztahový horoskop","Merged relationship chart","Thème relationnel fusionné","Carta de relación fusionada"
"synastry_type_composite","Kompozit","Composite","Composite","Compuesta"
"synastry_type_composite_description","Středové body mezi dvěma horoskopy","Midpoints between two charts","Points médians entre deux thèmes","Puntos medios entre dos cartas"
"synastry_type_davison","Davison","Davison","Davison","Davison"
"synastry_type_davison_description","Časoprostorový střed mezi dvěma narozeními","The spacetime midpoint between two births","Point médian spatio-temporel entre deux naissances","Punto medio espaciotemporal entre dos nacimientos"
"synastry_type_draconic-synastry","Drakonická synastrie","Draconic synastry","Synastrie draconique","Sinastría dracónica"
"synastry_type_draconic-synastry_description","Synastrie v drakonickém zodiaku","Synastry in the draconic zodiac","Synastrie dans le zodiaque draconique","Sinastría en el zodiaco dracónico"
"synastry_type_label","Typ horoskopu","Chart type","Type de thème","Tipo de carta"
"synastry_type_not_implemented_notice","Tento typ výpočtu zatím neumíme uložit — zatím jsou podporovány jen Synastrie, Progresivní synastrie a Drakonická synastrie.","This calculation type can't be saved yet — only Synastry, Progressed synastry, and Draconic synastry are supported for now.","Ce type de calcul ne peut pas encore être enregistré — seules la synastrie, la synastrie progressée et la synastrie draconique sont prises en charge pour l'instant.","Este tipo de cálculo aún no se puede guardar — solo se admiten sinastría, sinastría progresada y sinastría dracónica por ahora."
"synastry_type_progressed-composite","Progresivní kompozit","Progressed composite","Composite progressé","Compuesta progresada"
"synastry_type_progressed-composite_description","Progresivní kompozitní horoskop","Progressed composite chart","Thème composite progressé","Carta compuesta progresada"
"synastry_type_progressed-synastry","Progresivní synastrie","Progressed synastry","Synastrie progressée","Sinastría progresada"
"synastry_type_progressed-synastry_description","Progresivní vztahová analýza","Progressed relationship analysis","Analyse relationnelle progressée","Análisis de relación progresado"
"synastry_type_synastry","Synastrie","Synastry","Synastrie","Sinastría"
"synastry_type_synastry_description","Porovnání dvou horoskopů mezi sebou","Comparison of two charts","Comparaison de deux thèmes","Comparación de dos cartas"
"table_chart_type","Typ","Chart Type","Type de Carte","Tipo de Carta"
"table_date_time","Datum a čas","Date & Time","Date et Heure","Fecha y Hora"
"table_name","Název","Name","Nom","Nombre"
"table_place","Místo","Place","Lieu","Lugar"
"table_tags","Štítky","Tags","Tags","Etiquetas"
"table_tools","Nástroje Tabulky","Table Tools","Outils de Tableau","Herramientas de Tabla"
"table_tools_description","Filtry a pomocníci tabulky.","Table filters and helpers.","Filtres et aides de tableau.","Filtros y ayudantes de tabla."
"time_nav_apply_shift","Aplikovat posun","Apply Shift","Appliquer le Décalage","Aplicar Desplazamiento"
"time_nav_days","Dny","Days","Jours","Días"
"time_nav_hours","Hodiny","Hours","Heures","Horas"
"time_nav_minutes","Minuty","Minutes","Minutes","Minutos"
"time_nav_months","Měsíce","Months","Mois","Meses"
"time_nav_next","Další","Next","Suivant","Siguiente"
"time_nav_previous","Předchozí","Previous","Précédent","Anterior"
"time_nav_reset","Resetovat","Reset","Réinitialiser","Restablecer"
"time_nav_seconds","Sekundy","Seconds","Secondes","Segundos"
"time_nav_shift","Posun času","Time Shift","Décalage Temporel","Desplazamiento de Tiempo"
"time_nav_years","Roky","Years","Années","Años"
"time_range","Časové rozmezí","Time range","Plage horaire","Rango de tiempo"
"toast_chart_import_failed","Import horoskopu selhal","Horoscope import failed","Échec de l’importation de l’horoscope","Error al importar el horóscopo"
"toast_chart_imported","Horoskop byl importován","Horoscope imported","Horoscope importé","Horóscopo importado"
"toast_chart_name_required","Zadejte název horoskopu.","Enter a chart name.","Saisissez un nom de thème.","Introduzca un nombre de carta."
"toast_compute_failed","Výpočet pozic selhal","Position calculation failed","Le calcul des positions a échoué","Error al calcular las posiciones"
"toast_coordinates_invalid","Zadejte platnou zeměpisnou šířku a délku.","Enter a valid latitude and longitude.","Saisissez une latitude et une longitude valides.","Introduzca una latitud y longitud válidas."
"toast_export_coming_soon","Export do souboru zatím není dokončen — volby se uloží pro později.","File export is not wired up yet; your choices are remembered for later.","L’export fichier n’est pas encore prêt ; vos choix seront repris plus tard.","La exportación a archivo aún no está lista; sus opciones quedan para después."
"toast_location_required","Nejdříve zadejte lokalitu.","Enter a location first.","Saisissez d’abord un lieu.","Introduzca primero una ubicación."
"toast_location_resolve_failed","Nepodařilo se dohledat lokalitu","Failed to resolve location","Impossible de résoudre le lieu","No se pudo resolver la ubicación"
"toast_location_resolved","Lokalita nalezena","Location resolved","Lieu résolu","Ubicación resuelta"
"toast_model_report_warnings","Upozornění modelu nastavení","Model settings warnings","Avertissements du modèle de réglages","Avisos del modelo de ajustes"
"toast_nothing_to_save","Nic k uložení","Nothing to save","Rien à enregistrer","Nada que guardar"
"toast_nothing_to_save_hint","Nejdříve přidejte nebo otevřete horoskopy.","Add or open charts first.","Ajoutez ou ouvrez des thèmes.","Añada o abra cartas primero."
"toast_save_failed","Uložení selhalo","Save failed","Enregistrement échoué","Error al guardar"
"toast_time_invalid","Zadejte platné datum, čas a časové pásmo.","Enter a valid date, time, and timezone.","Saisissez une date, une heure et un fuseau horaire valides.","Introduzca una fecha, hora y zona horaria válidas."
"toast_timezone_invalid","Zadejte platné časové pásmo.","Enter a valid timezone.","Saisissez un fuseau horaire valide.","Introduzca una zona horaria válida."
"toast_workspace_loaded","Pracovní prostor načten","Workspace loaded","Espace de travail chargé","Espacio de trabajo cargado"
"toast_workspace_open_error","Nepodařilo se otevřít pracovní prostor","Failed to open workspace","Impossible d’ouvrir l’espace","No se pudo abrir el espacio"
"toast_workspace_saved","Pracovní prostor uložen","Workspace saved","Espace enregistré","Espacio guardado"
"transit_detail_hits_empty","Během tohoto vypočteného období nedošlo k žádnému přesnému zarovnání.","No exact alignment within this computed period.","Aucun alignement exact pendant cette période calculée.","No hubo alineación exacta durante este período calculado."
"transit_detail_hits_title","Přesná zarovnání v této sérii","Exact crossings in this series","Alignements exacts dans cette série","Alineaciones exactas en esta serie"
"transit_layers_panel_title","Vrstvy","Layers","Calques","Capas"
"transit_layers_panel_label","Tranzitovaná tělesa","Transited bodies","Corps transités","Cuerpos transitados"
"transit_layers_panel_empty","V této sérii nejsou žádné aspekty.","No aspects in this series.","Aucun aspect dans cette série.","No hay aspectos en esta serie."
"transit_loading","Počítám tranzity…","Computing transits…","Calcul des transits…","Calculando tránsitos…"
"transit_micro_ticker_title","Mikro ticker (osobní planety)","Micro ticker (personal planets)","Ticker micro (planètes personnelles)","Ticker micro (planetas personales)"
"transit_overlay_aspectarium_hint","Tranzit → radix","Transit → radix","Transit → radix","Tránsito → radix"
"transit_overlay_clear","Vymazat tranzitní vrstvu","Clear transit overlay","Effacer la couche de transit","Borrar capa de tránsito"
"transit_overlay_label","Tranzitní vrstva","Transit overlay","Couche de transit","Capa de tránsito"
"transit_overlay_no_aspects","Pro aktuální výběr nejsou k dispozici žádné tranzitní aspekty k radixu.","No transit-to-radix aspects are available for the current selection.","Aucun aspect transit-radix n’est disponible pour la sélection actuelle.","No hay aspectos tránsito-radix disponibles para la selección actual."
"transit_results_count","Výsledky: {count} záznamů","Results: {count} entries","Résultats : {count} entrées","Resultados: {count} entradas"
"transit_showing_first_50","Zobrazeno prvních 50 záznamů.","Showing first 50 entries.","Affichage des 50 premières entrées.","Mostrando las primeras 50 entradas."
"transited_objects_nav_all","Vše","All","Tous","Todos"
"transited_objects_nav_label","Tranzitovaná tělesa","Transited objects","Corps natals transités","Cuerpos natales"
"transits","Tranzity","Transits","Transits","Tránsitos"
"transits_2","Tranzity a direkce","Transits","Transits","Tránsitos"
"transits_aspects_apply_preset","Použít","Apply","Appliquer","Aplicar"
"transits_aspects_empty_hint","Vyberte aspekty, které chcete zobrazit v aktuálním výpočtu tranzitů.","Select the aspects you want to include in the current transit calculation.","Sélectionnez les aspects à inclure dans le calcul de transits actuel.","Seleccione los aspectos que desea incluir en el cálculo de tránsitos actual."
"transits_aspects_empty_title","Žádné aspekty nejsou vybrané","No aspects selected","Aucun aspect sélectionné","Ningún aspecto seleccionado"
"transits_aspects_harmonic_series","{{n}}. harmonická řada","Harmonic {{n}}","{{n}}e harmonique","Armónico {{n}}"
"transits_aspects_major","Hlavní aspekty","Major aspects","Aspects majeurs","Aspectos mayores"
"transits_aspects_minor","Vedlejší aspekty","Minor aspects","Aspects mineurs","Aspectos menores"
"transits_aspects_panel_title","Vybrané aspekty","Selected aspects","Aspects sélectionnés","Aspectos seleccionados"
"transits_aspects_preset_harmonic_desc","Výběr aspektů podle harmonických řad","Aspect selection by harmonic series","Sélection d'aspects par série harmonique","Selección de aspectos por serie armónica"
"transits_aspects_preset_harmonic_name","Harmonická astrologie","Harmonic astrology","Astrologie harmonique","Astrología armónica"
"transits_aspects_preset_modern_desc","Hlavní aspekty a vybrané vedlejší aspekty","Major aspects plus selected minor aspects","Aspects majeurs et aspects mineurs sélectionnés","Aspectos mayores y aspectos menores seleccionados"
"transits_aspects_preset_modern_name","Moderní astrologie","Modern astrology","Astrologie moderne","Astrología moderna"
"transits_aspects_preset_stars_desc","Pouze konjunkce pro práci se stálicemi","Conjunction only, for working with fixed stars","Conjonction seule, pour travailler avec les étoiles fixes","Solo conjunción, para trabajar con estrellas fijas"
"transits_aspects_preset_stars_name","Stálice","Fixed stars","Étoiles fixes","Estrellas fijas"
"transits_aspects_preset_traditional_desc","Konjunkce, sextil, kvadratura, trigon, opozice","Conjunction, sextile, square, trine, opposition","Conjonction, sextile, carré, trigone, opposition","Conjunción, sextil, cuadratura, trígono, oposición"
"transits_aspects_preset_traditional_name","Tradiční aspekty","Traditional aspects","Aspects traditionnels","Aspectos tradicionales"
"transits_aspects_preset_transits_desc","Hlavní aspekty pro tranzitní zobrazení","Major aspects for transit view","Aspects majeurs pour l'affichage des transits","Aspectos mayores para la vista de tránsitos"
"transits_aspects_preset_transits_name","Tranzity","Transits","Transits","Tránsitos"
"transits_aspects_presets_title","Doporučené sady","Suggested sets","Ensembles suggérés","Conjuntos sugeridos"
"transits_aspects_subtitle","Nastavte aspekty a jejich orby pro výpočet tranzitů","Set aspects and orbs for transit calculation","Définissez les aspects et orbes pour le calcul des transits","Defina aspectos y orbes para el cálculo de tránsitos"
"transits_aspects_view_harmonic","Podle harmonických řad","By harmonic series","Par série harmonique","Por serie armónica"
"transits_aspects_view_label","Zobrazení aspektů","Aspect view","Affichage des aspects","Vista de aspectos"
"transits_aspects_view_type","Podle typu","By type","Par type","Por tipo"
"transits_body_unsupported_hint","Zatím nepodporováno výpočetním enginem","Not yet supported by the calculation engine","Pas encore pris en charge par le moteur de calcul","Aún no soportado por el motor de cálculo"
"transits_composite_area","Oblast tranzitů","Transits composite area","Zone transits","Área de tránsitos"
"transits_folded_axis_angle","Sbalený úhel (°)","Folded angle (°)","Angle replié (°)","Ángulo plegado (°)"
"transits_folded_bodies_label","Zobrazená tělesa","Bodies shown","Corps affichés","Cuerpos mostrados"
"transits_folded_chart_view","Zobrazení grafu","Chart view","Vue graphique","Vista de gráfico"
"transits_folded_coordinate_note","Souřadnicový systém: geocentrická ekliptikální délka (tropický zvěrokruh), θ měřeno od 0° Berana (jarní bod) směrem na východ. Sbaleno jako f(θ) = min(θ, 360° − θ), takže každá otočka probíhá 0° → 180° → 0°. Skutečný pohyb planet je zachován — křivka není vynuceně sinusová.","Coordinate system: geocentric ecliptic longitude (tropical zodiac), θ measured eastward from 0° Aries (the vernal equinox). Folded as f(θ) = min(θ, 360° − θ), so each revolution reads 0° → 180° → 0°. Actual planetary motion is preserved — the curve is not forced sinusoidal.","Système de coordonnées : longitude écliptique géocentrique (zodiaque tropical), θ mesuré vers l'est depuis 0° Bélier (point vernal). Repli selon f(θ) = min(θ, 360° − θ), chaque révolution se lit donc 0° → 180° → 0°. Le mouvement planétaire réel est préservé — la courbe n'est pas forcée en sinusoïde.","Sistema de coordenadas: longitud eclíptica geocéntrica (zodíaco tropical), θ medido hacia el este desde 0° Aries (punto vernal). Plegado como f(θ) = min(θ, 360° − θ), por lo que cada revolución se lee 0° → 180° → 0°. Se conserva el movimiento planetario real — la curva no se fuerza a ser sinusoidal."
"transits_folded_empty","Vypočítejte sérii tranzitů pro zobrazení sbalených trajektorií.","Compute a transit series to see folded trajectories here.","Calculez une série de transits pour afficher les trajectoires repliées.","Calcule una serie de tránsitos para ver las trayectorias plegadas aquí."
"transits_folded_max_bodies_hint","Zobrazeno prvních {{count}} vybraných těles, aby čáry zůstaly rozlišitelné. Zrušte výběr jednoho pro přidání dalšího.","Showing the first {{count}} selected bodies to keep lines distinguishable. Deselect one to add another.","Affichage des {{count}} premiers corps sélectionnés pour garder les lignes distinctes. Désélectionnez-en un pour en ajouter un autre.","Mostrando los primeros {{count}} cuerpos seleccionados para mantener las líneas distinguibles. Deseleccione uno para añadir otro."
"transits_folded_subtitle","Úhlové pozice planet vzhledem k pozorovateli v čase, sbalené do škály 0°–180°.","Observer-relative planetary angular positions over time, folded onto a 0°–180° scale.","Positions angulaires planétaires relatives à l'observateur dans le temps, repliées sur une échelle de 0° à 180°.","Posiciones angulares planetarias relativas al observador a lo largo del tiempo, plegadas en una escala de 0°–180°."
"transits_folded_table_view","Zobrazení tabulky","Table view","Vue tableau","Vista de tabla"
"transits_general_crossings","Hledat přechody přes hroty domů","Crossings","Passages","Cruces"
"transits_general_crossings_2","Hledat přechody přes hroty znamení","Crossings","Passages","Cruces"
"transits_general_item_date","Datum, den, měsíc, rok","Date","Date","Fecha"
"transits_general_item_time","čas","Time","Heure","Hora"
"transits_general_item_timezone","časové pásmo","Timezone","Fuseau","Zona"
"transits_general_precession","Korekce Precese","Precession","Précession","Precesión"
"transits_general_transit_2","Hledat meze působení tranzitů","Transit","Transit","Tránsito"
"transits_general_transit_primary","Primární direkce","Primary","Primaire","Primaria"
"transits_general_transit_secondary","Sekundární direkce","Secondary","Secondaire","Secundaria"
"transits_general_transit_transit","Tranzit","Transit","Transit","Tránsito"
"transits_geo_jupiter","☊♃ Uzel Jupiteru","☊♃ Jupiter node","☊♃ Nœud de Jupiter","☊♃ Nodo de Júpiter"
"transits_geo_mars","☊♂ Uzel Marsu","☊♂ Mars node","☊♂ Nœud de Mars","☊♂ Nodo de Marte"
"transits_geo_mercury","☊☿ Uzel Merkuru","☊☿ Mercury node","☊☿ Nœud de Mercure","☊☿ Nodo de Mercurio"
"transits_geo_neptune","☊♆ Uzel Neptunu","☊♆ Neptune node","☊♆ Nœud de Neptune","☊♆ Nodo de Neptuno"
"transits_geo_pluto","☊♇ Uzel Pluta","☊♇ Pluto node","☊♇ Nœud de Pluton","☊♇ Nodo de Plutón"
"transits_geo_saturn","☊♄ Uzel Saturnu","☊♄ Saturn node","☊♄ Nœud de Saturne","☊♄ Nodo de Saturno"
"transits_geo_uranus","☊♅ Uzel Uranu","☊♅ Uranus node","☊♅ Nœud d'Uranus","☊♅ Nodo de Urano"
"transits_geo_venus","☊♀ Uzel Venuše","☊♀ Venus node","☊♀ Nœud de Vénus","☊♀ Nodo de Venus"
"transits_granularity_days","Dny","Days","Jours","Días"
"transits_granularity_estimate","~{{count}} vzorků za zvolené období","~{{count}} samples over the selected period","~{{count}} échantillons sur la période sélectionnée","~{{count}} muestras durante el período seleccionado"
"transits_granularity_hours","Hodiny","Hours","Heures","Horas"
"transits_granularity_minutes","Minuty","Minutes","Minutes","Minutos"
"transits_granularity_seconds","Sekundy","Seconds","Secondes","Segundos"
"transits_granularity_warning","Tolik vzorků může chvíli trvat na výpočet i vykreslení. Zvažte hrubší krok.","That many samples may take a while to compute and render. Consider a coarser step.","Un tel nombre d'échantillons peut être long à calculer et à afficher. Envisagez un pas plus grossier.","Tantas muestras pueden tardar en calcularse y renderizarse. Considere un paso más grueso."
"transits_group_asteroids","Asteroidy","Asteroids","Astéroïdes","Asteroides"
"transits_group_geo_nodes","Geocentrické uzly planet","Geocentric planetary nodes","Nœuds planétaires géocentriques","Nodos planetarios geocéntricos"
"transits_group_hypotheticals","Hypotetická tělesa","Hypothetical bodies","Corps hypothétiques","Cuerpos hipotéticos"
"transits_group_luminaries","Světla","Luminaries","Luminaires","Luminarias"
"transits_group_lunar_nodes","Lunární uzly","Lunar nodes","Nœuds lunaires","Nodos lunares"
"transits_group_personal_planets","Osobní planety","Personal planets","Planètes personnelles","Planetas personales"
"transits_group_social","Společenské planety","Social planets","Planètes sociales","Planetas sociales"
"transits_group_tno","Transneptunické objekty","Trans-Neptunian objects","Objets transneptuniens","Objetos transneptunianos"
"transits_group_transpersonal","Transpersonální planety","Transpersonal planets","Planètes transpersonnelles","Planetas transpersonales"
"transits_label_granularity","Granularita","Granularity","Granularité","Granularidad"
"transits_label_period","Nastavit období","Set period","Définir la période","Definir período"
"transits_label_type","Typ","Type","Type","Tipo"
"transits_menu_aspects_used","Použité aspekty","Aspects used","Aspects utilisés","Aspectos usados"
"transits_menu_general","Obecné","General","Général","General"
"transits_menu_transited","Tranzitovaná tělesa","Transited bodies","Corps transités","Cuerpos transitados"
"transits_menu_transiting","Tranzitující tělesa","Transiting bodies","Corps en transit","Cuerpos en tránsito"
"transits_period_current","Aktuální","Current","Actuel","Actual"
"transits_period_custom","Vlastní","Custom","Personnalisé","Personalizado"
"transits_period_from","Od","From","De","Desde"
"transits_period_next_3_months","Příští 3 měsíce","Next 3 months","3 prochains mois","Próximos 3 meses"
"transits_period_next_6_months","Příštích 6 měsíců","Next 6 months","6 prochains mois","Próximos 6 meses"
"transits_period_next_year","Příští rok","Next year","Année prochaine","Próximo año"
"transits_period_previous_3_months","Minulé 3 měsíce","Previous 3 months","3 derniers mois","Últimos 3 meses"
"transits_period_previous_6_months","Minulých 6 měsíců","Previous 6 months","6 derniers mois","Últimos 6 meses"
"transits_period_previous_year","Minulý rok","Previous year","Année précédente","Año anterior"
"transits_period_to","Do","To","À","Hasta"
"transits_reset","Reset","Reset","Réinitialiser","Restablecer"
"transits_resonance_view","Rezonance","Resonance","Résonance","Resonancia"
"transits_subtitle_general","Základní konfigurace výpočtu tranzitů","Basic transit calculation settings","Configuration de base des transits","Configuración básica de tránsitos"
"transits_subtitle_transited","Vyberte tělesa, která budou tranzitovaná","Select bodies that will be transited","Sélectionnez les corps qui seront transités","Seleccione los cuerpos que serán transitados"
"transits_subtitle_transiting","Vyberte tělesa, která budou považována za tranzitující","Select bodies treated as transiting","Sélectionnez les corps considérés en transit","Seleccione los cuerpos considerados en tránsito"
"transits_timezone_placeholder","UTC+1","UTC+1","UTC+1","UTC+1"
"zodiac_type","Typ zvěrokruhu","Zodiac Type","Type de Zodiaque","Tipo de Zodíaco"
"observable_category_zodiac","Znamení zvěrokruhu","Zodiac Signs","Signes du zodiaque","Signos del zodíaco"
"observable_category_aspects","Aspekty","Aspects","Aspects","Aspectos"
"open_resize_filters","Změnit velikost filtrů","Resize filters","Redimensionner les filtres","Cambiar tamaño de los filtros"
"settings_default_location_hint","Vyberte vyhledanou lokalitu pro synchronizaci souřadnic, nebo níže upravte zeměpisnou šířku a délku ručně.","Choose a searched location to sync its coordinates, or adjust latitude and longitude manually below.","Choisissez un lieu recherché pour synchroniser ses coordonnées, ou ajustez manuellement la latitude et la longitude ci-dessous.","Elija una ubicación buscada para sincronizar sus coordenadas o ajuste manualmente la latitud y longitud a continuación."
"settings_house_system_hint","Výchozí systém domů pro nové horoskopy.","Default house system for new horoscopes.","Système de maisons par défaut pour les nouveaux horoscopes.","Sistema de casas predeterminado para nuevos horóscopos."
"settings_position_mode","Pozice planet","Planet positions","Positions planétaires","Posiciones planetarias"
"settings_position_mode_apparent","Zdánlivé (doporučeno)","Apparent (recommended)","Apparentes (recommandées)","Aparentes (recomendadas)"
"settings_position_mode_geometric","Geometrické / skutečné","Geometric / true","Géométriques / vraies","Geométricas / verdaderas"
"settings_position_mode_hint","Zdánlivé pozice zohledňují dobu letu světla a hvězdnou aberaci.","Apparent positions account for light travel time and stellar aberration.","Les positions apparentes tiennent compte du temps de propagation de la lumière et de l'aberration stellaire.","Las posiciones aparentes tienen en cuenta el tiempo de viaje de la luz y la aberración estelar."
"color_theme","Barevné téma","Color theme","Thème de couleurs","Tema de color"
"settings_popup_fuzziness","Tolerance vyskakovacích oken","Popup fuzziness","Tolérance des fenêtres contextuelles","Tolerancia de ventanas emergentes"
"settings_popup_fuzziness_hint","Upravuje citlivost detekce vyskakovacích oken.","Adjusts popup detection sensitivity.","Ajuste la sensibilité de détection des fenêtres contextuelles.","Ajusta la sensibilidad de detección de ventanas emergentes."
"section_jazyk","Jazyk","Language","Langue","Idioma"
"section_lokace","Lokace","Location","Lieu","Ubicación"
"new_time_hour","Hodina","Hour","Heure","Hora"
"new_time_minute","Minuta","Minute","Minute","Minuto"
"done","Hotovo","Done","Terminé","Hecho"
"save","Uložit","Save","Enregistrer","Guardar"
"no_chart_selected","Není vybrán žádný horoskop","No chart selected","Aucun horoscope sélectionné","No hay ningún horóscopo seleccionado"
"info_positions_summary","Vypočtené objekty dostupné pro interpretaci.","Computed objects available for interpretation.","Objets calculés disponibles pour l'interprétation.","Objetos calculados disponibles para la interpretación."
"info_aspects_summary","Vypočtené aspekty dostupné pro analýzu dominance a vzorců.","Computed aspects available for dominance and pattern analysis.","Aspects calculés disponibles pour l'analyse des dominances et des configurations.","Aspectos calculados disponibles para el análisis de dominancias y patrones."
"houses","Domy","Houses","Maisons","Casas"
"info_houses_summary","Hroty domů dostupné z aktuálního výpočtu.","House cusps available from the current computation.","Pointes des maisons disponibles dans le calcul actuel.","Cúspides de casas disponibles en el cálculo actual."
"info_mode_contract","Kontrakt režimu","Mode contract","Contrat du mode","Contrato del modo"
"info_mode_contract_body","Toto zobrazení používá standardní prostředí, vybraný horoskop, vypočtené pozice, aspekty a hroty domů. Další interpretační části by měly být přidávány podle specifikací, nikoli jako vložené zástupné prvky.","This view uses the standard shell, selected chart, computed positions, aspects, and house cusps. Further interpretation sections should be added from specs rather than inline placeholders.","Cette vue utilise l'interface standard, l'horoscope sélectionné, les positions calculées, les aspects et les pointes des maisons. Les autres sections d'interprétation doivent être ajoutées à partir des spécifications plutôt que comme espaces réservés intégrés.","Esta vista utiliza la interfaz estándar, el horóscopo seleccionado, las posiciones calculadas, los aspectos y las cúspides de las casas. Las secciones de interpretación adicionales deben añadirse según las especificaciones, no como marcadores incrustados."
"engine","Engine","Engine","Moteur","Motor"
"location","Lokace","Location","Lieu","Ubicación"
"no_charts_loaded","Nejsou načteny žádné horoskopy. Kliknutím na „Otevřít pracovní prostor“ načtete horoskopy.","No charts loaded. Click \"Open Workspace\" to load charts.","Aucun horoscope chargé. Cliquez sur « Ouvrir l’espace de travail » pour charger les horoscopes.","No hay horóscopos cargados. Haga clic en «Abrir espacio de trabajo» para cargarlos."
"spec_gated","Podle specifikace","Spec gated","Selon la spécification","Según la especificación"
"mode_spec_gated_description","Tento režim je vyhrazen pro funkce definované ve specifikaci.","This mode is reserved for features defined by the specification.","Ce mode est réservé aux fonctionnalités définies par la spécification.","Este modo está reservado para las funciones definidas por la especificación."
"mode_spec_gated_acceptance","Implementace bude aktivována po schválení příslušné specifikace.","Implementation will be activated once the relevant specification is accepted.","L'implémentation sera activée une fois la spécification concernée approuvée.","La implementación se activará una vez aprobada la especificación correspondiente."
"glyph_upload_svg_error","Nahrajte prosím soubor SVG","Please upload an SVG file","Veuillez importer un fichier SVG","Suba un archivo SVG"
"glyph_upload_read_error","Soubor se nepodařilo načíst","Failed to read file","Impossible de lire le fichier","No se pudo leer el archivo"
"glyph_custom","vlastní","custom","personnalisé","personalizado"
"glyph_upload","Nahrát","Upload","Importer","Subir"
"glyph_reset","Obnovit","Reset","Réinitialiser","Restablecer"
"glyph_upload_svg_hint","Nahrajte vlastní SVG glyfy, kterými nahradíte výchozí symboly. Nahrané soubory se ukládají pouze v tomto zařízení.","Upload custom SVG glyphs to replace default symbols. Uploads are stored on this device only.","Importez des glyphes SVG personnalisés pour remplacer les symboles par défaut. Les fichiers importés sont conservés uniquement sur cet appareil.","Suba glifos SVG personalizados para reemplazar los símbolos predeterminados. Los archivos subidos se almacenan solo en este dispositivo."
"glyphs_management","Správa glyfů","Glyph Management","Gestion des glyphes","Gestión de glifos"
"glyphs_manage","Spravovat glyfy","Manage Glyphs","Gérer les glyphes","Gestionar glifos"
"glyphs_dialog_description","Nahrajte vlastní SVG glyfy, kterými nahradíte výchozí symboly. Pouze soubory SVG.","Upload custom SVG glyphs to replace default symbols. SVG files only.","Importez des glyphes SVG personnalisés pour remplacer les symboles par défaut. Fichiers SVG uniquement.","Suba glifos SVG personalizados para reemplazar los símbolos predeterminados. Solo archivos SVG."
"open_export","Otevřít / Exportovat","Open / Export","Ouvrir / Exporter","Abrir / Exportar"
"close_overlay","Zavřít překryv","Close overlay","Fermer la fenêtre superposée","Cerrar superposición"
"open_export_placeholder","Tento zástupný dialog lze znovu použít pro postupy Otevřít i Exportovat.","This is a placeholder dialog. You can reuse this component for both Open and Export flows.","Cette boîte de dialogue est un espace réservé réutilisable pour les flux Ouvrir et Exporter.","Este diálogo es un marcador reutilizable para los flujos Abrir y Exportar."
"settings_aspect_scope_planets","Planety","Planets","Planètes","Planetas"
"settings_aspect_scope_angles_short","úhly","Angles","angles","ángulos"
"settings_aspect_scope_include_angles","Zahrnout úhly (ascendent / medium coeli)","Include angles (Ascendant / Midheaven)","Inclure les angles (Ascendant / Milieu du Ciel)","Incluir ángulos (Ascendente / Medio Cielo)"
"settings_aspect_scope_include_extended","Zahrnout rozšířené objekty (planetky, uzly, body, další počítané body) — použije užší orb","Include extended objects (asteroids, nodes, parts, other calculated points) — uses a tighter orb","Inclure les objets étendus (astéroïdes, nœuds, parts, autres points calculés) — orbe plus serré","Incluir objetos extendidos (asteroides, nodos, partes, otros puntos calculados) — usa un orbe más estrecho"
"settings_aspect_scope_extended_orb","Orb pro rozšířené objekty","Extended objects orb","Orbe des objets étendus","Orbe de objetos extendidos"
"settings_aspect_scope_extended_categories","Rozšířené kategorie objektů","Extended object categories","Catégories d'objets étendues","Categorías de objetos extendidos"
"settings_aspect_scope_extended_shared_hint","Platí pro všechny aspekty najednou, nejen pro tento.","Applies to every aspect at once, not just this one.","S'applique à tous les aspects à la fois, pas seulement à celui-ci.","Se aplica a todos los aspectos a la vez, no solo a este."
"settings_astrology_tradition_label","Škola","School","École","Escuela"
"settings_astrology_tradition_hint","Nastaví výběr aspektů, jejich orby a zahrnutí úhlů podle zvolené tradice. Objekty a vlastní model orbů zatím neovlivňuje.","Sets which aspects are enabled, their orbs, and angle inclusion to match the chosen tradition. Does not yet affect objects or the orb model.","Définit les aspects activés, leurs orbes et l'inclusion des angles selon la tradition choisie. N'affecte pas encore les objets ni le modèle d'orbe.","Define qué aspectos están activados, sus orbes y la inclusión de ángulos según la tradición elegida. Aún no afecta a los objetos ni al modelo de orbe."
"settings_astrology_tradition_none","Nevybráno","Not selected","Non sélectionné","No seleccionado"
"tradition_hellenistic","Helénistická","Hellenistic","Hellénistique","Helenística"
"tradition_medieval_traditional","Středověká / renesanční tradiční","Medieval / Renaissance traditional","Médiévale / Renaissance traditionnelle","Medieval / renacentista tradicional"
"tradition_modern_western","Moderní západní / psychologická","Modern Western / psychological","Occidentale moderne / psychologique","Occidental moderna / psicológica"
"tradition_harmonic","Harmonická / vibrační","Harmonic / vibrational","Harmonique / vibratoire","Armónica / vibracional"
"tradition_cosmobiology","Kosmobiologie","Cosmobiology","Cosmobiologie","Cosmobiología"
"tradition_uranian_hamburg","Uránská / Hamburská","Uranian / Hamburg","Uranienne / École de Hambourg","Uraniana / Hamburgo"
"tradition_jyotish_parashari","Džjótiš — Paráršari","Jyotish — Parāśari","Jyotish — Parashari","Jyotish — Parashari"
"transits_configuration_add","+ Přidat hledání konfigurace","+ Add configuration search","+ Ajouter une recherche de configuration","+ Añadir búsqueda de configuración"
"transits_configuration_best_fit","Nejlepší shoda","Best fit","Meilleur ajustement","Mejor ajuste"
"transits_configuration_clipped_missing_coverage","oříznuto: chybějící pokrytí","clipped: missing coverage","tronqué : couverture manquante","recortado: cobertura faltante"
"transits_configuration_clipped_period_end","oříznuto: konec období","clipped: period end","tronqué : fin de période","recortado: fin del período"
"transits_configuration_clipped_period_start","oříznuto: začátek období","clipped: period start","tronqué : début de période","recortado: inicio del período"
"transits_configuration_entry","Vstup","Entry","Entrée","Entrada"
"transits_configuration_exit","Výstup","Exit","Sortie","Salida"
"transits_configuration_grand_cross","Velký kříž","Grand Cross","Grand Carré","Gran Cruz"
"transits_configuration_grand_trine","Velký trojúhelník","Grand Trine","Grand Trigone","Gran Trígono"
"transits_configuration_hint","Najde časový interval, během kterého je Velký trojúhelník, T-kvadratura, Yod nebo Velký kříž současně v orbu, nezávisle na vzorkování grafu.","Finds the time interval during which Grand Trine, T-square, Yod, or Grand Cross is simultaneously in orb, independent of graph sampling.","Trouve l'intervalle de temps pendant lequel le Grand Trigone, le T-carré, le Yod ou le Grand Carré sont simultanément dans l'orbe, indépendamment de l'échantillonnage du graphique.","Encuentra el intervalo de tiempo durante el cual el Gran Trígono, la T cuadrada, el Yod o la Gran Cruz están simultáneamente en orbe, independientemente del muestreo del gráfico."
"transits_configuration_label","Vícetělesové konfigurace","Multi-body configurations","Configurations multi-corps","Configuraciones multi-cuerpo"
"transits_configuration_matches_title","Vícetělesové konfigurace","Multi-body configurations","Configurations multi-corps","Configuraciones multi-cuerpo"
"transits_configuration_remove","Odebrat","Remove","Supprimer","Eliminar"
"transits_configuration_role_fixed","pevné (natální)","fixed (natal)","fixe (natal)","fijo (natal)"
"transits_configuration_role_moving","pohyblivé","moving","en mouvement","en movimiento"
"transits_configuration_t_square","T-kvadratura","T-square","T-carré","T cuadrada"
"transits_configuration_yod","Yod","Yod","Yod","Yod"
"transits_edit_setup","Upravit nastavení","Edit setup","Modifier la configuration","Editar configuración"
"transits_event_search_body","Těleso","Body","Corps","Cuerpo"
"transits_event_search_complete_false","Jedno nebo více vyhledávání se nepodařilo dokončit — níže uvedené události mohou být neúplné.","One or more searches could not complete — the events below may be partial.","Une ou plusieurs recherches n'ont pas pu aboutir — les événements ci-dessous peuvent être incomplets.","Una o más búsquedas no pudieron completarse — los eventos siguientes pueden ser parciales."
"transits_event_search_empty","Ve vybraném intervalu nebyly nalezeny žádné přesné události.","No exact events found in the selected interval.","Aucun événement exact trouvé dans l'intervalle sélectionné.","No se encontraron eventos exactos en el intervalo seleccionado."
"transits_event_search_exact_angle","Přesný úhel","Exact angle","Angle exact","Ángulo exacto"
"transits_event_search_kind_aspect_hit","Přesný aspekt","Aspect hit","Aspect exact","Aspecto exacto"
"transits_event_search_kind_station","Stanice","Station","Station","Estación"
"transits_event_search_retrograde","retrográdní","retrograde","rétrograde","retrógrado"
"transits_event_search_tangential","tangenciální","tangential","tangentiel","tangencial"
"transits_event_search_title","Přesné události","Exact events","Événements exacts","Eventos exactos"
"transits_exact_hits_hint","Najde skutečný, přesně dopočítaný okamžik, kdy je každý vybraný aspekt exaktní — nezávisle na kroku vzorkování grafu výše.","Finds the real, root-found instant each selected aspect becomes exact — independent of the graph sampling step above.","Trouve l'instant réel, calculé avec précision, où chaque aspect sélectionné devient exact — indépendamment du pas d'échantillonnage du graphique ci-dessus.","Encuentra el instante real y calculado con precisión en que cada aspecto seleccionado se vuelve exacto — independiente del paso de muestreo del gráfico de arriba."
"transits_exact_hits_label","Přesné zásahy","Exact hits","Aspects exacts","Aspectos exactos"
"transits_label_graph_sampling_interval","Interval vzorkování grafu","Graph sampling interval","Intervalle d'échantillonnage du graphique","Intervalo de muestreo del gráfico"
"transits_open_chart_action","Otevřít graf","Open chart","Ouvrir le graphique","Abrir carta"
"transits_sampled_graph_output_disabled_note","Vzorkovaný výstup grafu je vypnutý — viz Přesné události / Vícetělesové konfigurace níže.","Sampled graph output is off — see Exact events / Multi-body configurations below.","La sortie graphique échantillonnée est désactivée — voir Événements exacts / Configurations multi-corps ci-dessous.","La salida de gráfico muestreada está desactivada — consulte Eventos exactos / Configuraciones multi-cuerpo abajo."
"transits_sampled_graph_output_hint","Vykreslí graf/tabulku níže. Vypněte, pokud chcete pouze přesné události, stanice nebo konfigurace.","Plots the chart/table view below. Turn off if you only want exact events, stations, or configurations.","Affiche la vue graphique/tableau ci-dessous. Désactivez si vous ne voulez que les événements exacts, les stations ou les configurations.","Dibuja la vista de gráfico/tabla de abajo. Desactívalo si solo quieres eventos exactos, estaciones o configuraciones."
"transits_sampled_graph_output_label","Vzorkovaný výstup grafu","Sampled graph output","Sortie graphique échantillonnée","Salida de gráfico muestreada"
"transits_station_events_hint","Najde skutečný okamžik, kdy se každé vybrané tranzitující těleso stává stacionárním (přímé/retrográdní) — nezávisle na kroku vzorkování grafu výše.","Finds the real instant each selected transiting body turns stationary (direct/retrograde) — independent of the graph sampling step above.","Trouve l'instant réel où chaque corps en transit sélectionné devient stationnaire (direct/rétrograde) — indépendamment du pas d'échantillonnage du graphique ci-dessus.","Encuentra el instante real en que cada cuerpo en tránsito seleccionado se vuelve estacionario (directo/retrógrado) — independiente del paso de muestreo del gráfico de arriba."
"transits_station_events_label","Stanice (retrográdní body)","Station events","Événements de station","Eventos de estación"
"transits_event_search_unconfirmed","nepotvrzený","unconfirmed","non confirmé","no confirmado"
"transits_event_search_unconfirmed_hint","Zpřesnění nekonvergovalo v rámci tolerance -- jde o heuristického kandidáta, nikoli o ověřenou událost.","Refinement did not converge within tolerance -- a heuristic candidate, not a verified event.","L'affinement n'a pas convergé dans la tolérance -- un candidat heuristique, pas un événement vérifié.","El refinamiento no convergió dentro de la tolerancia -- un candidato heurístico, no un evento verificado."
"transits_y_zoom_label","Rozsah orbisu","Orb scale","Échelle d'orbe","Escala de orbe"
"transits_zoom_day","Den","Day","Jour","Día"
"transits_zoom_week","Týden","Week","Semaine","Semana"
"transits_zoom_month","Měsíc","Month","Mois","Mes"
"transits_zoom_year","Rok","Year","Année","Año"
"transits_zoom_full_range","Celý rozsah","Full range","Plage complète","Rango completo"
